Areaname,STCOU,LND010200D
UNITED STATES,0,3794083.06
ALABAMA,1000,52419.02
"Autauga, AL",1001,604.45
"Baldwin, AL",1003,2026.93
"Barbour, AL",1005,904.52
"Bibb, AL",1007,626.16
"Blount, AL",1009,650.6
"Bullock, AL",1011,626.06
"Butler, AL",1013,777.92
"Calhoun, AL",1015,612.32
"Chambers, AL",1017,603.11
"Cherokee, AL",1019,599.95
"Chilton, AL",1021,700.76
"Choctaw, AL",1023,920.85
"Clarke, AL",1025,1252.51
"Clay, AL",1027,606
"Cleburne, AL",1029,561.02
"Coffee, AL",1031,680.48
"Colbert, AL",1033,623.61
"Conecuh, AL",1035,852.51
"Coosa, AL",1037,666.36
"Covington, AL",1039,1043.86
"Crenshaw, AL",1041,610.88
"Cullman, AL",1043,754.82
"Dale, AL",1045,562.67
"Dallas, AL",1047,993.37
"DeKalb, AL",1049,778.65
"Elmore, AL",1051,657.21
"Escambia, AL",1053,952.95
"Etowah, AL",1055,548.75
"Fayette, AL",1057,629.34
"Franklin, AL",1059,646.51
"Geneva, AL",1061,578.9
"Greene, AL",1063,659.93
"Hale, AL",1065,656.47
"Henry, AL",1067,568.33
"Houston, AL",1069,581.65
"Jackson, AL",1071,1126.77
"Jefferson, AL",1073,1123.8
"Lamar, AL",1075,605.47
"Lauderdale, AL",1077,718.78
"Lawrence, AL",1079,718.07
"Lee, AL",1081,615.55
"Limestone, AL",1083,607.08
"Lowndes, AL",1085,725.03
"Macon, AL",1087,613.24
"Madison, AL",1089,812.85
"Marengo, AL",1091,982.85
"Marion, AL",1093,743.57
"Marshall, AL",1095,623.16
"Mobile, AL",1097,1644.02
"Monroe, AL",1099,1034.53
"Montgomery, AL",1101,799.76
"Morgan, AL",1103,599.06
"Perry, AL",1105,724.08
"Pickens, AL",1107,890.05
"Pike, AL",1109,672.1
"Randolph, AL",1111,584.11
"Russell, AL",1113,647.38
"St. Clair, AL",1115,653.61
"Shelby, AL",1117,809.53
"Sumter, AL",1119,913.3
"Talladega, AL",1121,760.25
"Tallapoosa, AL",1123,766.23
"Tuscaloosa, AL",1125,1351.23
"Walker, AL",1127,805.3
"Washington, AL",1129,1088.54
"Wilcox, AL",1131,907.46
"Winston, AL",1133,631.86
ALASKA,2000,663267.26
"Aleutians East, AK",2013,15011.6
"Aleutians West, AK",2016,14116.51
"Anchorage, AK",2020,1961.09
"Bethel, AK",2050,45508.46
"Bristol Bay, AK",2060,887.68
"Denali, AK",2068,12774.53
"Dillingham, AK",2070,20928.41
"Fairbanks North Star, AK",2090,7444.02
"Haines, AK",2100,2725.82
"Hoonah-Angoon, AK",2105,11376.73
"Juneau, AK",2110,3255.01
"Kenai Peninsula, AK",2122,24754.6
"Ketchikan Gateway, AK",2130,1753.98
"Kodiak Island, AK",2150,12023.67
"Lake and Peninsula, AK",2164,30906.96
"Matanuska-Susitna, AK",2170,25259.79
"Nome, AK",2180,28283.33
"North Slope, AK",2185,94762.64
"Northwest Arctic, AK",2188,40762
"Petersburg, AK",2195,9021.21
"Prince of Wales-Hyder, AK",2198,12706.3
"Sitka, AK",2220,4811.53
"Skagway, AK",2230,0
"Southeast Fairbanks, AK",2240,25061.19
"Valdez-Cordova, AK",2261,40199.15
"Wade Hampton, AK",2270,19669.24
"Wrangell, AK",2275,0
"Yakutat, AK",2282,9459.28
"Yukon-Koyukuk, AK",2290,147842.51
ARIZONA,4000,113998.3
"Apache, AZ",4001,11218.42
"Cochise, AZ",4003,6218.77
"Coconino, AZ",4005,18661.21
"Gila, AZ",4007,4795.74
"Graham, AZ",4009,4641.14
"Greenlee, AZ",4011,1848.42
"La Paz, AZ",4012,4513.36
"Maricopa, AZ",4013,9224.27
"Mohave, AZ",4015,13469.71
"Navajo, AZ",4017,9959.49
"Pima, AZ",4019,9188.83
"Pinal, AZ",4021,5374.09
"Santa Cruz, AZ",4023,1238.11
"Yavapai, AZ",4025,8127.78
"Yuma, AZ",4027,5518.96
ARKANSAS,5000,53178.62
"Arkansas, AR",5001,1033.79
"Ashley, AR",5003,939.08
"Baxter, AR",5005,586.74
"Benton, AR",5007,880.24
"Boone, AR",5009,601.82
"Bradley, AR",5011,654.38
"Calhoun, AR",5013,632.54
"Carroll, AR",5015,638.81
"Chicot, AR",5017,690.88
"Clark, AR",5019,882.6
"Clay, AR",5021,641.42
"Cleburne, AR",5023,591.91
"Cleveland, AR",5025,598.8
"Columbia, AR",5027,766.86
"Conway, AR",5029,566.66
"Craighead, AR",5031,712.98
"Crawford, AR",5033,604.2
"Crittenden, AR",5035,636.69
"Cross, AR",5037,622.33
"Dallas, AR",5039,668.16
"Desha, AR",5041,819.52
"Drew, AR",5043,835.65
"Faulkner, AR",5045,664.01
"Franklin, AR",5047,619.69
"Fulton, AR",5049,620.31
"Garland, AR",5051,734.57
"Grant, AR",5053,633.01
"Greene, AR",5055,579.65
"Hempstead, AR",5057,741.36
"Hot Spring, AR",5059,622.16
"Howard, AR",5061,595.2
"Independence, AR",5063,771.57
"Izard, AR",5065,584.02
"Jackson, AR",5067,641.45
"Jefferson, AR",5069,913.7
"Johnson, AR",5071,682.74
"Lafayette, AR",5073,545.07
"Lawrence, AR",5075,592.34
"Lee, AR",5077,619.47
"Lincoln, AR",5079,572.17
"Little River, AR",5081,564.87
"Logan, AR",5083,731.5
"Lonoke, AR",5085,802.43
"Madison, AR",5087,837.06
"Marion, AR",5089,640.35
"Miller, AR",5091,637.48
"Mississippi, AR",5093,919.73
"Monroe, AR",5095,621.41
"Montgomery, AR",5097,800.29
"Nevada, AR",5099,620.78
"Newton, AR",5101,823.18
"Ouachita, AR",5103,739.63
"Perry, AR",5105,560.47
"Phillips, AR",5107,727.29
"Pike, AR",5109,613.88
"Poinsett, AR",5111,763.39
"Polk, AR",5113,862.42
"Pope, AR",5115,830.79
"Prairie, AR",5117,675.76
"Pulaski, AR",5119,807.84
"Randolph, AR",5121,656.04
"St. Francis, AR",5123,642.4
"Saline, AR",5125,730.46
"Scott, AR",5127,898.09
"Searcy, AR",5129,668.51
"Sebastian, AR",5131,546.04
"Sevier, AR",5133,581.35
"Sharp, AR",5135,606.35
"Stone, AR",5137,609.43
"Union, AR",5139,1055.27
"Van Buren, AR",5141,724.32
"Washington, AR",5143,956.01
"White, AR",5145,1042.36
"Woodruff, AR",5147,594.05
"Yell, AR",5149,948.84
CALIFORNIA,6000,163695.57
"Alameda, CA",6001,821.15
"Alpine, CA",6003,743.19
"Amador, CA",6005,604.69
"Butte, CA",6007,1677.11
"Calaveras, CA",6009,1036.84
"Colusa, CA",6011,1156.22
"Contra Costa, CA",6013,802.15
"Del Norte, CA",6015,1229.75
"El Dorado, CA",6017,1788.1
"Fresno, CA",6019,6017.42
"Glenn, CA",6021,1327.16
"Humboldt, CA",6023,4052.22
"Imperial, CA",6025,4481.73
"Inyo, CA",6027,10226.98
"Kern, CA",6029,8161.42
"Kings, CA",6031,1391.49
"Lake, CA",6033,1329.48
"Lassen, CA",6035,4720.37
"Los Angeles, CA",6037,4752.32
"Madera, CA",6039,2153.32
"Marin, CA",6041,828.2
"Mariposa, CA",6043,1462.79
"Mendocino, CA",6045,3878.14
"Merced, CA",6047,1971.87
"Modoc, CA",6049,4203.37
"Mono, CA",6051,3131.8
"Monterey, CA",6053,3771.07
"Napa, CA",6055,788.27
"Nevada, CA",6057,974.49
"Orange, CA",6059,947.98
"Placer, CA",6061,1502.78
"Plumas, CA",6063,2613.48
"Riverside, CA",6065,7303.13
"Sacramento, CA",6067,995.48
"San Benito, CA",6069,1390.73
"San Bernardino, CA",6071,20105.32
"San Diego, CA",6073,4525.52
"San Francisco, CA",6075,231.92
"San Joaquin, CA",6077,1426.25
"San Luis Obispo, CA",6079,3615.54
"San Mateo, CA",6081,741.01
"Santa Barbara, CA",6083,3789.08
"Santa Clara, CA",6085,1304.01
"Santa Cruz, CA",6087,607.16
"Shasta, CA",6089,3847.44
"Sierra, CA",6091,961.97
"Siskiyou, CA",6093,6347.46
"Solano, CA",6095,906.67
"Sonoma, CA",6097,1768.23
"Stanislaus, CA",6099,1514.67
"Sutter, CA",6101,608.58
"Tehama, CA",6103,2962.27
"Trinity, CA",6105,3207.54
"Tulare, CA",6107,4839.09
"Tuolumne, CA",6109,2274.34
"Ventura, CA",6111,2208.2
"Yolo, CA",6113,1022.89
"Yuba, CA",6115,643.73
COLORADO,8000,104093.57
"Adams, CO",8001,1197.71
"Alamosa, CO",8003,723.53
"Arapahoe, CO",8005,805.43
"Archuleta, CO",8007,1355.48
"Baca, CO",8009,2557.09
"Bent, CO",8011,1541.12
"Boulder, CO",8013,751.37
"Broomfield, CO",8014,0
"Chaffee, CO",8015,1015.01
"Cheyenne, CO",8017,1781.37
"Clear Creek, CO",8019,396.46
"Conejos, CO",8021,1290.87
"Costilla, CO",8023,1230.44
"Crowley, CO",8025,800.33
"Custer, CO",8027,739.9
"Delta, CO",8029,1148.52
"Denver, CO",8031,154.94
"Dolores, CO",8033,1068.09
"Douglas, CO",8035,842.75
"Eagle, CO",8037,1691.8
"Elbert, CO",8039,1850.89
"El Paso, CO",8041,2129.56
"Fremont, CO",8043,1533.95
"Garfield, CO",8045,2955.76
"Gilpin, CO",8047,150.25
"Grand, CO",8049,1869.6
"Gunnison, CO",8051,3259.75
"Hinsdale, CO",8053,1123.14
"Huerfano, CO",8055,1593.24
"Jackson, CO",8057,1620.95
"Jefferson, CO",8059,778.06
"Kiowa, CO",8061,1785.76
"Kit Carson, CO",8063,2161.56
"Lake, CO",8065,383.9
"La Plata, CO",8067,1699.93
"Larimer, CO",8069,2633.86
"Las Animas, CO",8071,4775.42
"Lincoln, CO",8073,2586.39
"Logan, CO",8075,1844.86
"Mesa, CO",8077,3341.11
"Mineral, CO",8079,877.7
"Moffat, CO",8081,4750.94
"Montezuma, CO",8083,2039.97
"Montrose, CO",8085,2242.57
"Morgan, CO",8087,1293.87
"Otero, CO",8089,1269.74
"Ouray, CO",8091,542.21
"Park, CO",8093,2210.69
"Phillips, CO",8095,687.74
"Pitkin, CO",8097,973.23
"Prowers, CO",8099,1644.35
"Pueblo, CO",8101,2397.73
"Rio Blanco, CO",8103,3222.91
"Rio Grande, CO",8105,912.14
"Routt, CO",8107,2368.02
"Saguache, CO",8109,3170.25
"San Juan, CO",8111,388.29
"San Miguel, CO",8113,1288.49
"Sedgwick, CO",8115,549.6
"Summit, CO",8117,619.25
"Teller, CO",8119,558.96
"Washington, CO",8121,2524.12
"Weld, CO",8123,4021.56
"Yuma, CO",8125,2369.1
CONNECTICUT,9000,5543.33
"Fairfield, CT",9001,836.96
"Hartford, CT",9003,750.57
"Litchfield, CT",9005,944.57
"Middlesex, CT",9007,439.07
"New Haven, CT",9009,862.02
"New London, CT",9011,771.66
"Tolland, CT",9013,417.01
"Windham, CT",9015,521.47
DELAWARE,10000,2489.27
"Kent, DE",10001,800.12
"New Castle, DE",10003,493.51
"Sussex, DE",10005,1195.65
DISTRICT OF COLUMBIA,11000,68.34
District of Columbia,11001,68.34
FLORIDA,12000,65754.59
"Alachua, FL",12001,969.12
"Baker, FL",12003,588.89
"Bay, FL",12005,1033.27
"Bradford, FL",12007,300.04
"Brevard, FL",12009,1556.95
"Broward, FL",12011,1319.63
"Calhoun, FL",12013,574.34
"Charlotte, FL",12015,859.12
"Citrus, FL",12017,773.15
"Clay, FL",12019,643.69
"Collier, FL",12021,2304.93
"Columbia, FL",12023,801.04
"DeSoto, FL",12027,639.5
"Dixie, FL",12029,863.66
"Duval, FL",12031,918.24
"Escambia, FL",12033,875.57
"Flagler, FL",12035,570.76
"Franklin, FL",12037,1037.48
"Gadsden, FL",12039,528.49
"Gilchrist, FL",12041,355.47
"Glades, FL",12043,986.43
"Gulf, FL",12045,744.59
"Hamilton, FL",12047,519.31
"Hardee, FL",12049,638.33
"Hendry, FL",12051,1189.79
"Hernando, FL",12053,589.08
"Highlands, FL",12055,1106.28
"Hillsborough, FL",12057,1266.22
"Holmes, FL",12059,488.71
"Indian River, FL",12061,616.92
"Jackson, FL",12063,954.58
"Jefferson, FL",12065,636.65
"Lafayette, FL",12067,547.92
"Lake, FL",12069,1156.4
"Lee, FL",12071,1211.89
"Leon, FL",12073,701.78
"Levy, FL",12075,1412.32
"Liberty, FL",12077,843.16
"Madison, FL",12079,715.8
"Manatee, FL",12081,892.75
"Marion, FL",12083,1663.01
"Martin, FL",12085,752.79
"Miami-Dade, FL",12086,2431.26
"Monroe, FL",12087,3737.15
"Nassau, FL",12089,725.86
"Okaloosa, FL",12091,1082
"Okeechobee, FL",12093,891.57
"Orange, FL",12095,1004.19
"Osceola, FL",12097,1506.35
"Palm Beach, FL",12099,2386.33
"Pasco, FL",12101,867.95
"Pinellas, FL",12103,607.67
"Polk, FL",12105,2009.99
"Putnam, FL",12107,827.16
"St. Johns, FL",12109,821.43
"St. Lucie, FL",12111,688.08
"Santa Rosa, FL",12113,1173.57
"Sarasota, FL",12115,725.18
"Seminole, FL",12117,344.87
"Sumter, FL",12119,580.31
"Suwannee, FL",12121,691.9
"Taylor, FL",12123,1232.01
"Union, FL",12125,249.71
"Volusia, FL",12127,1432.44
"Wakulla, FL",12129,735.74
"Walton, FL",12131,1238.03
"Washington, FL",12133,615.79
GEORGIA,13000,59424.77
"Appling, GA",13001,512.11
"Atkinson, GA",13003,344.1
"Bacon, GA",13005,285.92
"Baker, GA",13007,349.17
"Baldwin, GA",13009,267.5
"Banks, GA",13011,233.87
"Barrow, GA",13013,162.84
"Bartow, GA",13015,470.11
"Ben Hill, GA",13017,254.03
"Berrien, GA",13019,457.78
"Bibb, GA",13021,255.13
"Bleckley, GA",13023,219.14
"Brantley, GA",13025,447.42
"Brooks, GA",13027,497.77
"Bryan, GA",13029,454.49
"Bulloch, GA",13031,688.84
"Burke, GA",13033,834.99
"Butts, GA",13035,190.01
"Calhoun, GA",13037,283.57
"Camden, GA",13039,782.52
"Candler, GA",13043,248.81
"Carroll, GA",13045,503.83
"Catoosa, GA",13047,162.66
"Charlton, GA",13049,782.97
"Chatham, GA",13051,632.28
"Chattahoochee, GA",13053,251.17
"Chattooga, GA",13055,313.55
"Cherokee, GA",13057,433.99
"Clarke, GA",13059,121.28
"Clay, GA",13061,216.99
"Clayton, GA",13063,144.28
"Clinch, GA",13065,824.17
"Cobb, GA",13067,344.51
"Coffee, GA",13069,602.61
"Colquitt, GA",13071,556.55
"Columbia, GA",13073,307.78
"Cook, GA",13075,233.22
"Coweta, GA",13077,445.98
"Crawford, GA",13079,326.45
"Crisp, GA",13081,281.2
"Dade, GA",13083,174.16
"Dawson, GA",13085,213.93
"Decatur, GA",13087,623.16
"DeKalb, GA",13089,270.91
"Dodge, GA",13091,503.17
"Dooly, GA",13093,397.07
"Dougherty, GA",13095,334.64
"Douglas, GA",13097,200.26
"Early, GA",13099,516.27
"Echols, GA",13101,420.8
"Effingham, GA",13103,482.82
"Elbert, GA",13105,374.54
"Emanuel, GA",13107,690.33
"Evans, GA",13109,186.88
"Fannin, GA",13111,391.43
"Fayette, GA",13113,199.25
"Floyd, GA",13115,518.46
"Forsyth, GA",13117,247.37
"Franklin, GA",13119,266.37
"Fulton, GA",13121,534.61
"Gilmer, GA",13123,431.83
"Glascock, GA",13125,144.45
"Glynn, GA",13127,585.17
"Gordon, GA",13129,358.01
"Grady, GA",13131,460.34
"Greene, GA",13133,406.24
"Gwinnett, GA",13135,436.72
"Habersham, GA",13137,279.2
"Hall, GA",13139,429.19
"Hancock, GA",13141,478.76
"Haralson, GA",13143,283.16
"Harris, GA",13145,472.93
"Hart, GA",13147,256.42
"Heard, GA",13149,301.08
"Henry, GA",13151,324.48
"Houston, GA",13153,379.83
"Irwin, GA",13155,362.73
"Jackson, GA",13157,343
"Jasper, GA",13159,373.58
"Jeff Davis, GA",13161,335.42
"Jefferson, GA",13163,529.56
"Jenkins, GA",13165,352.45
"Johnson, GA",13167,306.52
"Jones, GA",13169,395.39
"Lamar, GA",13171,185.79
"Lanier, GA",13173,199.83
"Laurens, GA",13175,818.51
"Lee, GA",13177,362.01
"Liberty, GA",13179,602.52
"Lincoln, GA",13181,257.28
"Long, GA",13183,403.49
"Lowndes, GA",13185,510.63
"Lumpkin, GA",13187,284.87
"McDuffie, GA",13189,266.3
"McIntosh, GA",13191,574.53
"Macon, GA",13193,405.95
"Madison, GA",13195,285.57
"Marion, GA",13197,367.49
"Meriwether, GA",13199,505.34
"Miller, GA",13201,283.72
"Mitchell, GA",13205,513.81
"Monroe, GA",13207,397.8
"Montgomery, GA",13209,247.32
"Morgan, GA",13211,354.6
"Murray, GA",13213,346.88
"Muscogee, GA",13215,221
"Newton, GA",13217,279.19
"Oconee, GA",13219,186.14
"Oglethorpe, GA",13221,442.17
"Paulding, GA",13223,315.06
"Peach, GA",13225,151.46
"Pickens, GA",13227,232.78
"Pierce, GA",13229,343.9
"Pike, GA",13231,219.43
"Polk, GA",13233,312.13
"Pulaski, GA",13235,249.89
"Putnam, GA",13237,360.63
"Quitman, GA",13239,160.92
"Rabun, GA",13241,376.99
"Randolph, GA",13243,430.89
"Richmond, GA",13245,328.45
"Rockdale, GA",13247,132.13
"Schley, GA",13249,167.82
"Screven, GA",13251,655.59
"Seminole, GA",13253,256.56
"Spalding, GA",13255,199.6
"Stephens, GA",13257,184.23
"Stewart, GA",13259,463.23
"Sumter, GA",13261,492.54
"Talbot, GA",13263,394.74
"Taliaferro, GA",13265,195.47
"Tattnall, GA",13267,488.22
"Taylor, GA",13269,379.61
"Telfair, GA",13271,444.08
"Terrell, GA",13273,337.63
"Thomas, GA",13275,552.08
"Tift, GA",13277,268.86
"Toombs, GA",13279,368.64
"Towns, GA",13281,172.01
"Treutlen, GA",13283,202.19
"Troup, GA",13285,445.96
"Turner, GA",13287,289.85
"Twiggs, GA",13289,362.95
"Union, GA",13291,329.02
"Upson, GA",13293,327.64
"Walker, GA",13295,447.03
"Walton, GA",13297,330.05
"Ware, GA",13299,906.31
"Warren, GA",13301,286.74
"Washington, GA",13303,684.37
"Wayne, GA",13305,648.8
"Webster, GA",13307,210.26
"Wheeler, GA",13309,300.14
"White, GA",13311,242.16
"Whitfield, GA",13313,290.65
"Wilcox, GA",13315,383.3
"Wilkes, GA",13317,474
"Wilkinson, GA",13319,452.01
"Worth, GA",13321,574.58
HAWAII,15000,10930.98
"Hawaii, HI",15001,5086.7
"Honolulu, HI",15003,2126.85
"Kalawao, HI",15005,52.33
"Kauai, HI",15007,1266.37
"Maui, HI",15009,2398.74
IDAHO,16000,83570.08
"Ada, ID",16001,1060.33
"Adams, ID",16003,1370
"Bannock, ID",16005,1147.46
"Bear Lake, ID",16007,1049.44
"Benewah, ID",16009,783.98
"Bingham, ID",16011,2120.24
"Blaine, ID",16013,2661.02
"Boise, ID",16015,1906.76
"Bonner, ID",16017,1919.59
"Bonneville, ID",16019,1900.65
"Boundary, ID",16021,1278.21
"Butte, ID",16023,2233.59
"Camas, ID",16025,1079.02
"Canyon, ID",16027,603.51
"Caribou, ID",16029,1798.62
"Cassia, ID",16031,2580.31
"Clark, ID",16033,1765.21
"Clearwater, ID",16035,2488.1
"Custer, ID",16037,4936.79
"Elmore, ID",16039,3100.51
"Franklin, ID",16041,668.36
"Fremont, ID",16043,1895.59
"Gem, ID",16045,565.75
"Gooding, ID",16047,733.84
"Idaho, ID",16049,8502.48
"Jefferson, ID",16051,1105.55
"Jerome, ID",16053,601.87
"Kootenai, ID",16055,1315.69
"Latah, ID",16057,1076.89
"Lemhi, ID",16059,4569.5
"Lewis, ID",16061,479.81
"Lincoln, ID",16063,1205.86
"Madison, ID",16065,473.36
"Minidoka, ID",16067,762.98
"Nez Perce, ID",16069,856.36
"Oneida, ID",16071,1201.61
"Owyhee, ID",16073,7696.71
"Payette, ID",16075,410.19
"Power, ID",16077,1442.6
"Shoshone, ID",16079,2635.5
"Teton, ID",16081,450.57
"Twin Falls, ID",16083,1928.47
"Valley, ID",16085,3733.66
"Washington, ID",16087,1473.54
ILLINOIS,17000,57914.38
"Adams, IL",17001,871.28
"Alexander, IL",17003,252.54
"Bond, IL",17005,382.67
"Boone, IL",17007,281.94
"Brown, IL",17009,307.24
"Bureau, IL",17011,873.3
"Calhoun, IL",17013,283.69
"Carroll, IL",17015,465.77
"Cass, IL",17017,383.73
"Champaign, IL",17019,997.53
"Christian, IL",17021,715.71
"Clark, IL",17023,504.88
"Clay, IL",17025,469.84
"Clinton, IL",17027,503.48
"Coles, IL",17029,510.07
"Cook, IL",17031,1635.04
"Crawford, IL",17033,445.74
"Cumberland, IL",17035,347
"DeKalb, IL",17037,634.97
"De Witt, IL",17039,405.15
"Douglas, IL",17041,417.42
"DuPage, IL",17043,336.55
"Edgar, IL",17045,624.18
"Edwards, IL",17047,222.66
"Effingham, IL",17049,479.9
"Fayette, IL",17051,725.36
"Ford, IL",17053,486.42
"Franklin, IL",17055,431.4
"Fulton, IL",17057,882.59
"Gallatin, IL",17059,328.41
"Greene, IL",17061,546.34
"Grundy, IL",17063,430.42
"Hamilton, IL",17065,435.84
"Hancock, IL",17067,814.54
"Hardin, IL",17069,181.53
"Henderson, IL",17071,395.12
"Henry, IL",17073,825.6
"Iroquois, IL",17075,1118.03
"Jackson, IL",17077,602.53
"Jasper, IL",17079,498.02
"Jefferson, IL",17081,583.71
"Jersey, IL",17083,377.02
"Jo Daviess, IL",17085,618.72
"Johnson, IL",17087,348.88
"Kane, IL",17089,524.08
"Kankakee, IL",17091,681.44
"Kendall, IL",17093,322.67
"Knox, IL",17095,719.7
"Lake, IL",17097,1367.95
"LaSalle, IL",17099,1148.04
"Lawrence, IL",17101,373.94
"Lee, IL",17103,729.29
"Livingston, IL",17105,1045.43
"Logan, IL",17107,619.01
"McDonough, IL",17109,590.02
"McHenry, IL",17111,611.13
"McLean, IL",17113,1186.29
"Macon, IL",17115,585.38
"Macoupin, IL",17117,867.61
"Madison, IL",17119,740.35
"Marion, IL",17121,575.71
"Marshall, IL",17123,398.52
"Mason, IL",17125,563.37
"Massac, IL",17127,242.12
"Menard, IL",17129,315.37
"Mercer, IL",17131,568.88
"Monroe, IL",17133,397.71
"Montgomery, IL",17135,709.75
"Morgan, IL",17137,572.26
"Moultrie, IL",17139,344.47
"Ogle, IL",17141,763.27
"Peoria, IL",17143,630.89
"Perry, IL",17145,446.81
"Piatt, IL",17147,440.33
"Pike, IL",17149,848.87
"Pope, IL",17151,374.64
"Pulaski, IL",17153,203.33
"Putnam, IL",17155,172.24
"Randolph, IL",17157,597.26
"Richland, IL",17159,362.01
"Rock Island, IL",17161,451.16
"St. Clair, IL",17163,673.95
"Saline, IL",17165,386.98
"Sangamon, IL",17167,877.01
"Schuyler, IL",17169,441.39
"Scott, IL",17171,252.77
"Shelby, IL",17173,768.05
"Stark, IL",17175,288.21
"Stephenson, IL",17177,564.72
"Tazewell, IL",17179,657.89
"Union, IL",17181,422.13
"Vermilion, IL",17183,902.14
"Wabash, IL",17185,227.76
"Warren, IL",17187,543.17
"Washington, IL",17189,564.12
"Wayne, IL",17191,715.56
"White, IL",17193,501.7
"Whiteside, IL",17195,697.01
"Will, IL",17197,849.39
"Williamson, IL",17199,444.38
"Winnebago, IL",17201,519.27
"Woodford, IL",17203,542.74
INDIANA,18000,36417.73
"Adams, IN",18001,339.93
"Allen, IN",18003,660.1
"Bartholomew, IN",18005,409.36
"Benton, IN",18007,406.4
"Blackford, IN",18009,165.4
"Boone, IN",18011,423.28
"Brown, IN",18013,316.62
"Carroll, IN",18015,375.05
"Cass, IN",18017,414.92
"Clark, IN",18019,376.2
"Clay, IN",18021,360.39
"Clinton, IN",18023,405.28
"Crawford, IN",18025,308.85
"Daviess, IN",18027,436.86
"Dearborn, IN",18029,307.05
"Decatur, IN",18031,373.42
"DeKalb, IN",18033,363.84
"Delaware, IN",18035,395.92
"Dubois, IN",18037,435.23
"Elkhart, IN",18039,467.85
"Fayette, IN",18041,215.12
"Floyd, IN",18043,148.31
"Fountain, IN",18045,397.92
"Franklin, IN",18047,391.34
"Fulton, IN",18049,371.37
"Gibson, IN",18051,499.05
"Grant, IN",18053,414.83
"Greene, IN",18055,545.91
"Hamilton, IN",18057,402.73
"Hancock, IN",18059,306.73
"Harrison, IN",18061,486.88
"Hendricks, IN",18063,408.88
"Henry, IN",18065,394.9
"Howard, IN",18067,293.93
"Huntington, IN",18069,387.94
"Jackson, IN",18071,513.75
"Jasper, IN",18073,561.22
"Jay, IN",18075,383.82
"Jefferson, IN",18077,362.94
"Jennings, IN",18079,378.35
"Johnson, IN",18081,321.56
"Knox, IN",18083,524.06
"Kosciusko, IN",18085,554.34
"LaGrange, IN",18087,386.72
"Lake, IN",18089,626.34
"LaPorte, IN",18091,613.04
"Lawrence, IN",18093,452.07
"Madison, IN",18095,452.91
"Marion, IN",18097,403.04
"Marshall, IN",18099,449.92
"Martin, IN",18101,340.53
"Miami, IN",18103,377.36
"Monroe, IN",18105,411.32
"Montgomery, IN",18107,505.34
"Morgan, IN",18109,409.39
"Newton, IN",18111,403.53
"Noble, IN",18113,417.61
"Ohio, IN",18115,87.47
"Orange, IN",18117,408.2
"Owen, IN",18119,387.83
"Parke, IN",18121,450.1
"Perry, IN",18123,386.34
"Pike, IN",18125,341.08
"Porter, IN",18127,521.61
"Posey, IN",18129,419.45
"Pulaski, IN",18131,434.57
"Putnam, IN",18133,482.58
"Randolph, IN",18135,453.23
"Ripley, IN",18137,447.91
"Rush, IN",18139,408.62
"St. Joseph, IN",18141,460.97
"Scott, IN",18143,192.73
"Shelby, IN",18145,413.11
"Spencer, IN",18147,401.23
"Starke, IN",18149,312.31
"Steuben, IN",18151,322.48
"Sullivan, IN",18153,454.04
"Switzerland, IN",18155,223.52
"Tippecanoe, IN",18157,503.07
"Tipton, IN",18159,260.41
"Union, IN",18161,165.25
"Vanderburgh, IN",18163,235.74
"Vermillion, IN",18165,259.94
"Vigo, IN",18167,410.47
"Wabash, IN",18169,421.07
"Warren, IN",18171,366.6
"Warrick, IN",18173,390.86
"Washington, IN",18175,516.53
"Wayne, IN",18177,404.34
"Wells, IN",18179,370.41
"White, IN",18181,508.8
"Whitley, IN",18183,337.9
IOWA,19000,56271.55
"Adair, IA",19001,570.31
"Adams, IA",19003,425.41
"Allamakee, IA",19005,658.71
"Appanoose, IA",19007,516.35
"Audubon, IA",19009,443.58
"Benton, IA",19011,718.45
"Black Hawk, IA",19013,571.91
"Boone, IA",19015,573.51
"Bremer, IA",19017,439.6
"Buchanan, IA",19019,573.35
"Buena Vista, IA",19021,580.07
"Butler, IA",19023,581.56
"Calhoun, IA",19025,572.29
"Carroll, IA",19027,570.24
"Cass, IA",19029,565.01
"Cedar, IA",19031,581.96
"Cerro Gordo, IA",19033,575.12
"Cherokee, IA",19035,577.34
"Chickasaw, IA",19037,505.48
"Clarke, IA",19039,431.72
"Clay, IA",19041,572.51
"Clayton, IA",19043,792.81
"Clinton, IA",19045,710.19
"Crawford, IA",19047,714.99
"Dallas, IA",19049,591.73
"Davis, IA",19051,504.89
"Decatur, IA",19053,533.32
"Delaware, IA",19055,579.05
"Des Moines, IA",19057,429.8
"Dickinson, IA",19059,403.69
"Dubuque, IA",19061,616.56
"Emmet, IA",19063,402.38
"Fayette, IA",19065,731.45
"Floyd, IA",19067,501.31
"Franklin, IA",19069,583.01
"Fremont, IA",19071,516.76
"Greene, IA",19073,571.13
"Grundy, IA",19075,502.55
"Guthrie, IA",19077,593.06
"Hamilton, IA",19079,577.44
"Hancock, IA",19081,573.14
"Hardin, IA",19083,569.93
"Harrison, IA",19085,700.93
"Henry, IA",19087,436.68
"Howard, IA",19089,473.76
"Humboldt, IA",19091,435.73
"Ida, IA",19093,432.23
"Iowa, IA",19095,587.35
"Jackson, IA",19097,649.75
"Jasper, IA",19099,732.93
"Jefferson, IA",19101,436.72
"Johnson, IA",19103,623.35
"Jones, IA",19105,576.7
"Keokuk, IA",19107,579.94
"Kossuth, IA",19109,974.39
"Lee, IA",19111,538.77
"Linn, IA",19113,724.55
"Louisa, IA",19115,417.64
"Lucas, IA",19117,434.17
"Lyon, IA",19119,587.63
"Madison, IA",19121,562.3
"Mahaska, IA",19123,573.4
"Marion, IA",19125,570.53
"Marshall, IA",19127,573.02
"Mills, IA",19129,439.67
"Mitchell, IA",19131,469.4
"Monona, IA",19133,698.85
"Monroe, IA",19135,434.11
"Montgomery, IA",19137,424.81
"Muscatine, IA",19139,449.07
"O'Brien, IA",19141,573.25
"Osceola, IA",19143,399.48
"Page, IA",19145,535.35
"Palo Alto, IA",19147,569.4
"Plymouth, IA",19149,863.96
"Pocahontas, IA",19151,579.13
"Polk, IA",19153,591.9
"Pottawattamie, IA",19155,959.94
"Poweshiek, IA",19157,586.17
"Ringgold, IA",19159,538.92
"Sac, IA",19161,578.38
"Scott, IA",19163,468.17
"Shelby, IA",19165,591.37
"Sioux, IA",19167,768.58
"Story, IA",19169,573.7
"Tama, IA",19171,722.37
"Taylor, IA",19173,534.83
"Union, IA",19175,425.95
"Van Buren, IA",19177,490.55
"Wapello, IA",19179,435.98
"Warren, IA",19181,573.21
"Washington, IA",19183,570.77
"Wayne, IA",19185,527.08
"Webster, IA",19187,718.05
"Winnebago, IA",19189,401.57
"Winneshiek, IA",19191,689.88
"Woodbury, IA",19193,877.39
"Worth, IA",19195,401.71
"Wright, IA",19197,582.54
KANSAS,20000,82276.84
"Allen, KS",20001,505.18
"Anderson, KS",20003,584.29
"Atchison, KS",20005,435.04
"Barber, KS",20007,1136.21
"Barton, KS",20009,900.46
"Bourbon, KS",20011,638.82
"Brown, KS",20013,572.2
"Butler, KS",20015,1446.42
"Chase, KS",20017,778.01
"Chautauqua, KS",20019,644.83
"Cherokee, KS",20021,590.96
"Cheyenne, KS",20023,1020.84
"Clark, KS",20025,977.2
"Clay, KS",20027,655.44
"Cloud, KS",20029,718.47
"Coffey, KS",20031,654.57
"Comanche, KS",20033,789.7
"Cowley, KS",20035,1132.6
"Crawford, KS",20037,595.05
"Decatur, KS",20039,894.18
"Dickinson, KS",20041,852.12
"Doniphan, KS",20043,397.07
"Douglas, KS",20045,474.47
"Edwards, KS",20047,622.1
"Elk, KS",20049,650.36
"Ellis, KS",20051,900.47
"Ellsworth, KS",20053,723.44
"Finney, KS",20055,1302.62
"Ford, KS",20057,1099.29
"Franklin, KS",20059,576.65
"Geary, KS",20061,404.39
"Gove, KS",20063,1071.47
"Graham, KS",20065,898.67
"Grant, KS",20067,575.04
"Gray, KS",20069,869.34
"Greeley, KS",20071,778.01
"Greenwood, KS",20073,1152.59
"Hamilton, KS",20075,997.62
"Harper, KS",20077,802.95
"Harvey, KS",20079,540.5
"Haskell, KS",20081,577.73
"Hodgeman, KS",20083,860.24
"Jackson, KS",20085,657.86
"Jefferson, KS",20087,556.94
"Jewell, KS",20089,914.47
"Johnson, KS",20091,480.15
"Kearny, KS",20093,871.5
"Kingman, KS",20095,866.7
"Kiowa, KS",20097,722.62
"Labette, KS",20099,653.3
"Lane, KS",20101,717.43
"Leavenworth, KS",20103,468.33
"Lincoln, KS",20105,719.94
"Linn, KS",20107,606.29
"Logan, KS",20109,1073.09
"Lyon, KS",20111,855.14
"McPherson, KS",20113,901.24
"Marion, KS",20115,953.54
"Marshall, KS",20117,904.36
"Meade, KS",20119,979.66
"Miami, KS",20121,590.15
"Mitchell, KS",20123,718.62
"Montgomery, KS",20125,651.4
"Morris, KS",20127,702.84
"Morton, KS",20129,729.94
"Nemaha, KS",20131,719.4
"Neosho, KS",20133,578.02
"Ness, KS",20135,1075
"Norton, KS",20137,881.39
"Osage, KS",20139,719.23
"Osborne, KS",20141,894.28
"Ottawa, KS",20143,721.9
"Pawnee, KS",20145,754.56
"Phillips, KS",20147,894.81
"Pottawatomie, KS",20149,862.07
"Pratt, KS",20151,735.76
"Rawlins, KS",20153,1069.72
"Reno, KS",20155,1271.25
"Republic, KS",20157,720.31
"Rice, KS",20159,728.3
"Riley, KS",20161,622.11
"Rooks, KS",20163,895.36
"Rush, KS",20165,718.42
"Russell, KS",20167,898.98
"Saline, KS",20169,721.28
"Scott, KS",20171,717.64
"Sedgwick, KS",20173,1009.41
"Seward, KS",20175,640.51
"Shawnee, KS",20177,556.32
"Sheridan, KS",20179,896.61
"Sherman, KS",20181,1056.01
"Smith, KS",20183,896.53
"Stafford, KS",20185,794.72
"Stanton, KS",20187,680.06
"Stevens, KS",20189,727.71
"Sumner, KS",20191,1184.78
"Thomas, KS",20193,1074.9
"Trego, KS",20195,899.02
"Wabaunsee, KS",20197,799.8
"Wallace, KS",20199,914.05
"Washington, KS",20201,898.84
"Wichita, KS",20203,718.54
"Wilson, KS",20205,574.97
"Woodson, KS",20207,505.45
"Wyandotte, KS",20209,155.69
KENTUCKY,21000,40409.02
"Adair, KY",21001,412.23
"Allen, KY",21003,352.04
"Anderson, KY",21005,204.28
"Ballard, KY",21007,273.6
"Barren, KY",21009,499.93
"Bath, KY",21011,283.94
"Bell, KY",21013,361.35
"Boone, KY",21015,256.96
"Bourbon, KY",21017,291.66
"Boyd, KY",21019,161.82
"Boyle, KY",21021,182.99
"Bracken, KY",21023,208.89
"Breathitt, KY",21025,495.29
"Breckinridge, KY",21027,585.53
"Bullitt, KY",21029,300.2
"Butler, KY",21031,431.52
"Caldwell, KY",21033,348.18
"Calloway, KY",21035,410.79
"Campbell, KY",21037,159.43
"Carlisle, KY",21039,199.02
"Carroll, KY",21041,137.27
"Carter, KY",21043,412.15
"Casey, KY",21045,445.73
"Christian, KY",21047,724.01
"Clark, KY",21049,255.16
"Clay, KY",21051,471.08
"Clinton, KY",21053,205.54
"Crittenden, KY",21055,370.95
"Cumberland, KY",21057,310.85
"Daviess, KY",21059,476.27
"Edmonson, KY",21061,308.01
"Elliott, KY",21063,235.2
"Estill, KY",21065,255.7
"Fayette, KY",21067,285.52
"Fleming, KY",21069,351.47
"Floyd, KY",21071,395.46
"Franklin, KY",21073,212.11
"Fulton, KY",21075,230.55
"Gallatin, KY",21077,104.67
"Garrard, KY",21079,233.88
"Grant, KY",21081,260.79
"Graves, KY",21083,556.46
"Grayson, KY",21085,510.85
"Green, KY",21087,288.78
"Greenup, KY",21089,354.51
"Hancock, KY",21091,198.92
"Hardin, KY",21093,629.86
"Harlan, KY",21095,467.97
"Harrison, KY",21097,309.88
"Hart, KY",21099,417.91
"Henderson, KY",21101,467.24
"Henry, KY",21103,291.11
"Hickman, KY",21105,252.94
"Hopkins, KY",21107,554.23
"Jackson, KY",21109,346.57
"Jefferson, KY",21111,398.58
"Jessamine, KY",21113,174.45
"Johnson, KY",21115,263.94
"Kenton, KY",21117,164.38
"Knott, KY",21119,353.01
"Knox, KY",21121,387.71
"Larue, KY",21123,263.72
"Laurel, KY",21125,443.74
"Lawrence, KY",21127,420.12
"Lee, KY",21129,211.22
"Leslie, KY",21131,404.36
"Letcher, KY",21133,339.12
"Lewis, KY",21135,495.7
"Lincoln, KY",21137,336.47
"Livingston, KY",21139,342.2
"Logan, KY",21141,557.1
"Lyon, KY",21143,256.42
"McCracken, KY",21145,268.08
"McCreary, KY",21147,430.64
"McLean, KY",21149,256.17
"Madison, KY",21151,443.11
"Magoffin, KY",21153,309.44
"Marion, KY",21155,346.86
"Marshall, KY",21157,340.32
"Martin, KY",21159,230.81
"Mason, KY",21161,246.6
"Meade, KY",21163,324.22
"Menifee, KY",21165,206.03
"Mercer, KY",21167,253.11
"Metcalfe, KY",21169,290.96
"Monroe, KY",21171,332.11
"Montgomery, KY",21173,198.8
"Morgan, KY",21175,383.73
"Muhlenberg, KY",21177,479.43
"Nelson, KY",21179,424.07
"Nicholas, KY",21181,196.85
"Ohio, KY",21183,596.73
"Oldham, KY",21185,196.54
"Owen, KY",21187,354.16
"Owsley, KY",21189,198.09
"Pendleton, KY",21191,281.87
"Perry, KY",21193,342.64
"Pike, KY",21195,788.84
"Powell, KY",21197,180.2
"Pulaski, KY",21199,677.05
"Robertson, KY",21201,100.11
"Rockcastle, KY",21203,318.06
"Rowan, KY",21205,286.25
"Russell, KY",21207,282.82
"Scott, KY",21209,285.3
"Shelby, KY",21211,385.65
"Simpson, KY",21213,236.19
"Spencer, KY",21215,191.8
"Taylor, KY",21217,277.05
"Todd, KY",21219,376.97
"Trigg, KY",21221,481.13
"Trimble, KY",21223,156.23
"Union, KY",21225,363.43
"Warren, KY",21227,547.69
"Washington, KY",21229,301.52
"Wayne, KY",21231,484.2
"Webster, KY",21233,335.68
"Whitley, KY",21235,445.15
"Wolfe, KY",21237,222.86
"Woodford, KY",21239,191.98
LOUISIANA,22000,51839.7
"Acadia, LA",22001,657.62
"Allen, LA",22003,765.67
"Ascension, LA",22005,302.88
"Assumption, LA",22007,364.55
"Avoyelles, LA",22009,865.67
"Beauregard, LA",22011,1165.99
"Bienville, LA",22013,821.77
"Bossier, LA",22015,866.93
"Caddo, LA",22017,936.9
"Calcasieu, LA",22019,1094.34
"Caldwell, LA",22021,540.72
"Cameron, LA",22023,1931.6
"Catahoula, LA",22025,739.43
"Claiborne, LA",22027,767.55
"Concordia, LA",22029,748.68
"De Soto, LA",22031,894.49
"East Baton Rouge, LA",22033,470.54
"East Carroll, LA",22035,442.45
"East Feliciana, LA",22037,455.69
"Evangeline, LA",22039,679.61
"Franklin, LA",22041,635.43
"Grant, LA",22043,664.56
"Iberia, LA",22045,1030.86
"Iberville, LA",22047,652.84
"Jackson, LA",22049,580.34
"Jefferson, LA",22051,642.41
"Jefferson Davis, LA",22053,658.58
"Lafayette, LA",22055,270.29
"Lafourche, LA",22057,1472.19
"La Salle, LA",22059,662.36
"Lincoln, LA",22061,472.27
"Livingston, LA",22063,702.84
"Madison, LA",22065,650.53
"Morehouse, LA",22067,805.2
"Natchitoches, LA",22069,1299.3
"Orleans, LA",22071,350.21
"Ouachita, LA",22073,632.7
"Plaquemines, LA",22075,2428.54
"Pointe Coupee, LA",22077,590.68
"Rapides, LA",22079,1361.96
"Red River, LA",22081,402.08
"Richland, LA",22083,564.51
"Sabine, LA",22085,1011.51
"St. Bernard, LA",22087,1793.75
"St. Charles, LA",22089,410.16
"St. Helena, LA",22091,409.46
"St. James, LA",22093,257.79
"St. John the Baptist, LA",22095,347.84
"St. Landry, LA",22097,938.83
"St. Martin, LA",22099,816.46
"St. Mary, LA",22101,1118.83
"St. Tammany, LA",22103,1124.08
"Tangipahoa, LA",22105,823.12
"Tensas, LA",22107,641.2
"Terrebonne, LA",22109,2079.9
"Union, LA",22111,905.28
"Vermilion, LA",22113,1538.31
"Vernon, LA",22115,1341.51
"Washington, LA",22117,675.97
"Webster, LA",22119,615.07
"West Baton Rouge, LA",22121,203.62
"West Carroll, LA",22123,360.32
"West Feliciana, LA",22125,426.01
"Winn, LA",22127,956.91
MAINE,23000,35384.65
"Androscoggin, ME",23001,497.23
"Aroostook, ME",23003,6828.79
"Cumberland, ME",23005,1216.89
"Franklin, ME",23007,1744.31
"Hancock, ME",23009,2351.03
"Kennebec, ME",23011,951.18
"Knox, ME",23013,1142.1
"Lincoln, ME",23015,699.81
"Oxford, ME",23017,2175.26
"Penobscot, ME",23019,3556.14
"Piscataquis, ME",23021,4377.36
"Sagadahoc, ME",23023,370.19
"Somerset, ME",23025,4095.37
"Waldo, ME",23027,852.74
"Washington, ME",23029,3254.91
"York, ME",23031,1271.34
MARYLAND,24000,12406.68
"Allegany, MD",24001,429.82
"Anne Arundel, MD",24003,587.9
"Baltimore, MD",24005,682.03
"Calvert, MD",24009,345.09
"Caroline, MD",24011,326.06
"Carroll, MD",24013,452.4
"Cecil, MD",24015,417.88
"Charles, MD",24017,643.22
"Dorchester, MD",24019,982.92
"Frederick, MD",24021,667.34
"Garrett, MD",24023,655.9
"Harford, MD",24025,526.72
"Howard, MD",24027,253.55
"Kent, MD",24029,414.31
"Montgomery, MD",24031,507.14
"Prince George's, MD",24033,498.45
"Queen Anne's, MD",24035,509.79
"St. Mary's, MD",24037,764.5
"Somerset, MD",24039,610.78
"Talbot, MD",24041,476.77
"Washington, MD",24043,467.55
"Wicomico, MD",24045,399.79
"Worcester, MD",24047,694.73
"Baltimore city, MD",24510,92.08
MASSACHUSETTS,25000,10554.57
"Barnstable, MA",25001,1305.62
"Berkshire, MA",25003,946.27
"Bristol, MA",25005,691.19
"Dukes, MA",25007,490.95
"Essex, MA",25009,828.53
"Franklin, MA",25011,724.74
"Hampden, MA",25013,634.12
"Hampshire, MA",25015,545.44
"Middlesex, MA",25017,847.54
"Nantucket, MA",25019,303.64
"Norfolk, MA",25021,443.94
"Plymouth, MA",25023,1093.39
"Suffolk, MA",25025,120.19
"Worcester, MA",25027,1579.02
MICHIGAN,26000,96716.11
"Alcona, MI",26001,1790.54
"Alger, MI",26003,5049.08
"Allegan, MI",26005,1833.3
"Alpena, MI",26007,1695
"Antrim, MI",26009,601.9
"Arenac, MI",26011,680.81
"Baraga, MI",26013,1068.85
"Barry, MI",26015,576.9
"Bay, MI",26017,630.91
"Benzie, MI",26019,859.64
"Berrien, MI",26021,1581.38
"Branch, MI",26023,519.49
"Calhoun, MI",26025,718.44
"Cass, MI",26027,508.46
"Charlevoix, MI",26029,1390.76
"Cheboygan, MI",26031,885.23
"Chippewa, MI",26033,2697.98
"Clare, MI",26035,575.22
"Clinton, MI",26037,574.57
"Crawford, MI",26039,563.37
"Delta, MI",26041,1991.58
"Dickinson, MI",26043,777.12
"Eaton, MI",26045,579.02
"Emmet, MI",26047,882.26
"Genesee, MI",26049,649.34
"Gladwin, MI",26051,516.43
"Gogebic, MI",26053,1476.43
"Grand Traverse, MI",26055,601.13
"Gratiot, MI",26057,571.61
"Hillsdale, MI",26059,607.14
"Houghton, MI",26061,1501.56
"Huron, MI",26063,2136.47
"Ingham, MI",26065,560.94
"Ionia, MI",26067,580.23
"Iosco, MI",26069,1890.77
"Iron, MI",26071,1211.02
"Isabella, MI",26073,577.75
"Jackson, MI",26075,723.76
"Kalamazoo, MI",26077,580.18
"Kalkaska, MI",26079,570.76
"Kent, MI",26081,872.18
"Keweenaw, MI",26083,5965.96
"Lake, MI",26085,574.6
"Lapeer, MI",26087,663.08
"Leelanau, MI",26089,2532.38
"Lenawee, MI",26091,761.31
"Livingston, MI",26093,585.43
"Luce, MI",26095,1911.89
"Mackinac, MI",26097,2100.55
"Macomb, MI",26099,569.78
"Manistee, MI",26101,1280.77
"Marquette, MI",26103,3425.17
"Mason, MI",26105,1241.86
"Mecosta, MI",26107,571.1
"Menominee, MI",26109,1337.99
"Midland, MI",26111,527.89
"Missaukee, MI",26113,573.82
"Monroe, MI",26115,680.03
"Montcalm, MI",26117,720.98
"Montmorency, MI",26119,562.44
"Muskegon, MI",26121,1459.3
"Newaygo, MI",26123,861.39
"Oakland, MI",26125,908
"Oceana, MI",26127,1306.73
"Ogemaw, MI",26129,574.63
"Ontonagon, MI",26131,3741.45
"Osceola, MI",26133,573.1
"Oscoda, MI",26135,571.57
"Otsego, MI",26137,525.98
"Ottawa, MI",26139,1631.97
"Presque Isle, MI",26141,2572.75
"Roscommon, MI",26143,579.84
"Saginaw, MI",26145,815.78
"St. Clair, MI",26147,836.63
"St. Joseph, MI",26149,521.15
"Sanilac, MI",26151,1590.22
"Schoolcraft, MI",26153,1883.69
"Shiawassee, MI",26155,540.73
"Tuscola, MI",26157,913.82
"Van Buren, MI",26159,1090.19
"Washtenaw, MI",26161,722.53
"Wayne, MI",26163,672.2
"Wexford, MI",26165,575.84
MINNESOTA,27000,86938.87
"Aitkin, MN",27001,1995.31
"Anoka, MN",27003,446.26
"Becker, MN",27005,1445.11
"Beltrami, MN",27007,3055.59
"Benton, MN",27009,413
"Big Stone, MN",27011,527.88
"Blue Earth, MN",27013,765.9
"Brown, MN",27015,618.6
"Carlton, MN",27017,875.23
"Carver, MN",27019,376.15
"Cass, MN",27021,2414.21
"Chippewa, MN",27023,587.83
"Chisago, MN",27025,442.49
"Clay, MN",27027,1052.74
"Clearwater, MN",27029,1029.79
"Cook, MN",27031,3339.72
"Cottonwood, MN",27033,648.91
"Crow Wing, MN",27035,1156.56
"Dakota, MN",27037,586.33
"Dodge, MN",27039,439.63
"Douglas, MN",27041,719.94
"Faribault, MN",27043,721.61
"Fillmore, MN",27045,862.15
"Freeborn, MN",27047,722.63
"Goodhue, MN",27049,780.44
"Grant, MN",27051,575.18
"Hennepin, MN",27053,606.38
"Houston, MN",27055,568.91
"Hubbard, MN",27057,999.39
"Isanti, MN",27059,451.87
"Itasca, MN",27061,2927.78
"Jackson, MN",27063,719.46
"Kanabec, MN",27065,533.38
"Kandiyohi, MN",27067,861.97
"Kittson, MN",27069,1103.51
"Koochiching, MN",27071,3154.32
"Lac qui Parle, MN",27073,778.05
"Lake, MN",27075,2990.82
"Lake of the Woods, MN",27077,1775.05
"Le Sueur, MN",27079,473.86
"Lincoln, MN",27081,548.44
"Lyon, MN",27083,721.46
"McLeod, MN",27085,505.67
"Mahnomen, MN",27087,582.99
"Marshall, MN",27089,1812.79
"Martin, MN",27091,729.56
"Meeker, MN",27093,645.08
"Mille Lacs, MN",27095,681.77
"Morrison, MN",27097,1153.32
"Mower, MN",27099,711.71
"Murray, MN",27101,719.52
"Nicollet, MN",27103,466.95
"Nobles, MN",27105,722.33
"Norman, MN",27107,876.82
"Olmsted, MN",27109,654.5
"Otter Tail, MN",27111,2224.91
"Pennington, MN",27113,618.34
"Pine, MN",27115,1434.57
"Pipestone, MN",27117,466.15
"Polk, MN",27119,1997.81
"Pope, MN",27121,717.29
"Ramsey, MN",27123,170.13
"Red Lake, MN",27125,432.51
"Redwood, MN",27127,881.24
"Renville, MN",27129,987.22
"Rice, MN",27131,516.13
"Rock, MN",27133,482.84
"Roseau, MN",27135,1678.33
"St. Louis, MN",27137,6859.91
"Scott, MN",27139,368.56
"Sherburne, MN",27141,451
"Sibley, MN",27143,600.41
"Stearns, MN",27145,1389.93
"Steele, MN",27147,432.16
"Stevens, MN",27149,575.24
"Swift, MN",27151,752.35
"Todd, MN",27153,979.34
"Traverse, MN",27155,585.96
"Wabasha, MN",27157,549.83
"Wadena, MN",27159,543
"Waseca, MN",27161,432.81
"Washington, MN",27163,423.16
"Watonwan, MN",27165,439.92
"Wilkin, MN",27167,751.63
"Winona, MN",27169,641.59
"Wright, MN",27171,714.39
"Yellow Medicine, MN",27173,763.39
MISSISSIPPI,28000,48430.19
"Adams, MS",28001,486.25
"Alcorn, MS",28003,401.35
"Amite, MS",28005,731.64
"Attala, MS",28007,737.1
"Benton, MS",28009,408.65
"Bolivar, MS",28011,905.76
"Calhoun, MS",28013,587.97
"Carroll, MS",28015,634.54
"Chickasaw, MS",28017,504.27
"Choctaw, MS",28019,419.81
"Claiborne, MS",28021,501.36
"Clarke, MS",28023,693.41
"Clay, MS",28025,416.02
"Coahoma, MS",28027,583.14
"Copiah, MS",28029,779.38
"Covington, MS",28031,414.94
"DeSoto, MS",28033,496.77
"Forrest, MS",28035,470.17
"Franklin, MS",28037,566.74
"George, MS",28039,483.63
"Greene, MS",28041,718.69
"Grenada, MS",28043,449.38
"Hancock, MS",28045,552.53
"Harrison, MS",28047,976.15
"Hinds, MS",28049,877.35
"Holmes, MS",28051,764.18
"Humphreys, MS",28053,431.16
"Issaquena, MS",28055,441.36
"Itawamba, MS",28057,540.42
"Jackson, MS",28059,1043.3
"Jasper, MS",28061,677.44
"Jefferson, MS",28063,527.19
"Jefferson Davis, MS",28065,409.1
"Jones, MS",28067,699.73
"Kemper, MS",28069,767
"Lafayette, MS",28071,679.29
"Lamar, MS",28073,500.49
"Lauderdale, MS",28075,715.28
"Lawrence, MS",28077,435.73
"Leake, MS",28079,585.39
"Lee, MS",28081,453.14
"Leflore, MS",28083,606.35
"Lincoln, MS",28085,588.17
"Lowndes, MS",28087,516.45
"Madison, MS",28089,741.97
"Marion, MS",28091,548.58
"Marshall, MS",28093,709.8
"Monroe, MS",28095,772.04
"Montgomery, MS",28097,407.86
"Neshoba, MS",28099,571.64
"Newton, MS",28101,579.58
"Noxubee, MS",28103,700.05
"Oktibbeha, MS",28105,461.9
"Panola, MS",28107,705.13
"Pearl River, MS",28109,818.93
"Perry, MS",28111,650.2
"Pike, MS",28113,410.78
"Pontotoc, MS",28115,500.99
"Prentiss, MS",28117,418.24
"Quitman, MS",28119,406.49
"Rankin, MS",28121,806.09
"Scott, MS",28123,610.38
"Sharkey, MS",28125,434.88
"Simpson, MS",28127,590.53
"Smith, MS",28129,637.27
"Stone, MS",28131,448.07
"Sunflower, MS",28133,707.22
"Tallahatchie, MS",28135,652.08
"Tate, MS",28137,410.95
"Tippah, MS",28139,459.97
"Tishomingo, MS",28141,444.54
"Tunica, MS",28143,480.78
"Union, MS",28145,416.87
"Walthall, MS",28147,404.44
"Warren, MS",28149,618.76
"Washington, MS",28151,761.26
"Wayne, MS",28153,813.5
"Webster, MS",28155,423.34
"Wilkinson, MS",28157,687.66
"Winston, MS",28159,610.11
"Yalobusha, MS",28161,495
"Yazoo, MS",28163,934.12
MISSOURI,29000,69704.31
"Adair, MO",29001,569.32
"Andrew, MO",29003,436.5
"Atchison, MO",29005,547.36
"Audrain, MO",29007,696.79
"Barry, MO",29009,790.89
"Barton, MO",29011,596.72
"Bates, MO",29013,851.37
"Benton, MO",29015,752.48
"Bollinger, MO",29017,621.2
"Boone, MO",29019,691.31
"Buchanan, MO",29021,414.57
"Butler, MO",29023,698.97
"Caldwell, MO",29025,429.72
"Callaway, MO",29027,847.03
"Camden, MO",29029,708.86
"Cape Girardeau, MO",29031,586.29
"Carroll, MO",29033,702.3
"Carter, MO",29035,509.02
"Cass, MO",29037,702.67
"Cedar, MO",29039,498.51
"Chariton, MO",29041,768.25
"Christian, MO",29043,564.05
"Clark, MO",29045,511.9
"Clay, MO",29047,408.86
"Clinton, MO",29049,423.47
"Cole, MO",29051,399.08
"Cooper, MO",29053,570.22
"Crawford, MO",29055,743.79
"Dade, MO",29057,506.3
"Dallas, MO",29059,542.83
"Daviess, MO",29061,569.07
"DeKalb, MO",29063,425.77
"Dent, MO",29065,754.51
"Douglas, MO",29067,814.6
"Dunklin, MO",29069,547.11
"Franklin, MO",29071,930.65
"Gasconade, MO",29073,526.09
"Gentry, MO",29075,491.81
"Greene, MO",29077,677.8
"Grundy, MO",29079,437.98
"Harrison, MO",29081,726.45
"Henry, MO",29083,732.55
"Hickory, MO",29085,411.74
"Holt, MO",29087,469.05
"Howard, MO",29089,470.55
"Howell, MO",29091,928.33
"Iron, MO",29093,552.05
"Jackson, MO",29095,616.41
"Jasper, MO",29097,641.32
"Jefferson, MO",29099,664.09
"Johnson, MO",29101,833.03
"Knox, MO",29103,506.77
"Laclede, MO",29105,768
"Lafayette, MO",29107,638.86
"Lawrence, MO",29109,613.38
"Lewis, MO",29111,510.85
"Lincoln, MO",29113,640.41
"Linn, MO",29115,621.46
"Livingston, MO",29117,538.48
"McDonald, MO",29119,539.7
"Macon, MO",29121,812.53
"Madison, MO",29123,497.6
"Maries, MO",29125,529.97
"Marion, MO",29127,444.05
"Mercer, MO",29129,455.18
"Miller, MO",29131,599.94
"Mississippi, MO",29133,428.91
"Moniteau, MO",29135,418.85
"Monroe, MO",29137,670.23
"Montgomery, MO",29139,540.34
"Morgan, MO",29141,613.89
"New Madrid, MO",29143,698.02
"Newton, MO",29145,626.66
"Nodaway, MO",29147,877.75
"Oregon, MO",29149,791.59
"Osage, MO",29151,613.41
"Ozark, MO",29153,755.07
"Pemiscot, MO",29155,512.41
"Perry, MO",29157,484.28
"Pettis, MO",29159,686.34
"Phelps, MO",29161,674.28
"Pike, MO",29163,684.81
"Platte, MO",29165,427.22
"Polk, MO",29167,642.46
"Pulaski, MO",29169,551.41
"Putnam, MO",29171,519.66
"Ralls, MO",29173,483.82
"Randolph, MO",29175,487.65
"Ray, MO",29177,573.57
"Reynolds, MO",29179,814.41
"Ripley, MO",29181,631.66
"St. Charles, MO",29183,592.35
"St. Clair, MO",29185,701.9
"Ste. Genevieve, MO",29186,508.94
"St. Francois, MO",29187,452.4
"St. Louis, MO",29189,523.69
"Saline, MO",29195,764.59
"Schuyler, MO",29197,308.16
"Scotland, MO",29199,439.25
"Scott, MO",29201,426.04
"Shannon, MO",29203,1003.99
"Shelby, MO",29205,502.43
"Stoddard, MO",29207,828.94
"Stone, MO",29209,510.91
"Sullivan, MO",29211,651.43
"Taney, MO",29213,651.48
"Texas, MO",29215,1179.24
"Vernon, MO",29217,837.04
"Warren, MO",29219,437.74
"Washington, MO",29221,762.46
"Wayne, MO",29223,774.09
"Webster, MO",29225,593.69
"Worth, MO",29227,266.75
"Wright, MO",29229,683.18
"St. Louis city, MO",29510,66.15
MONTANA,30000,147042.4
"Beaverhead, MT",30001,5572.04
"Big Horn, MT",30003,5014.65
"Blaine, MT",30005,4238.92
"Broadwater, MT",30007,1238.94
"Carbon, MT",30009,2062.19
"Carter, MT",30011,3348.29
"Cascade, MT",30013,2711.65
"Chouteau, MT",30015,3997
"Custer, MT",30017,3793.22
"Daniels, MT",30019,1426.52
"Dawson, MT",30021,2383.13
"Deer Lodge, MT",30023,741.16
"Fallon, MT",30025,1623.02
"Fergus, MT",30027,4350.36
"Flathead, MT",30029,5256.45
"Gallatin, MT",30031,2631.84
"Garfield, MT",30033,4847.54
"Glacier, MT",30035,3037.11
"Golden Valley, MT",30037,1176.4
"Granite, MT",30039,1733.11
"Hill, MT",30041,2916.05
"Jefferson, MT",30043,1658.83
"Judith Basin, MT",30045,1870.71
"Lake, MT",30047,1653.72
"Lewis and Clark, MT",30049,3497.56
"Liberty, MT",30051,1447.19
"Lincoln, MT",30053,3675.11
"McCone, MT",30055,2682.77
"Madison, MT",30057,3602.85
"Meagher, MT",30059,2394.83
"Mineral, MT",30061,1223.38
"Missoula, MT",30063,2618.34
"Musselshell, MT",30065,1870.91
"Park, MT",30067,2813.59
"Petroleum, MT",30069,1674.01
"Phillips, MT",30071,5212.17
"Pondera, MT",30073,1639.85
"Powder River, MT",30075,3297.94
"Powell, MT",30077,2332.68
"Prairie, MT",30079,1742.56
"Ravalli, MT",30081,2400.32
"Richland, MT",30083,2103.02
"Roosevelt, MT",30085,2369.65
"Rosebud, MT",30087,5026.94
"Sanders, MT",30089,2790.03
"Sheridan, MT",30091,1706.3
"Silver Bow, MT",30093,718.97
"Stillwater, MT",30095,1804.61
"Sweet Grass, MT",30097,1862
"Teton, MT",30099,2292.58
"Toole, MT",30101,1945.86
"Treasure, MT",30103,984.11
"Valley, MT",30105,5061.98
"Wheatland, MT",30107,1428.29
"Wibaux, MT",30109,890.09
"Yellowstone, MT",30111,2649.05
"Yellowstone National Park, MT",30113,0
NEBRASKA,31000,77353.73
"Adams, NE",31001,564.16
"Antelope, NE",31003,858.43
"Arthur, NE",31005,718.32
"Banner, NE",31007,746.37
"Blaine, NE",31009,714.34
"Boone, NE",31011,687.25
"Box Butte, NE",31013,1077.84
"Boyd, NE",31015,544.59
"Brown, NE",31017,1225.08
"Buffalo, NE",31019,975.27
"Burt, NE",31021,497.1
"Butler, NE",31023,584.41
"Cass, NE",31025,566.21
"Cedar, NE",31027,745.81
"Chase, NE",31029,897.63
"Cherry, NE",31031,6009.54
"Cheyenne, NE",31033,1196.45
"Clay, NE",31035,573.53
"Colfax, NE",31037,418.58
"Cuming, NE",31039,574.54
"Custer, NE",31041,2576.08
"Dakota, NE",31043,267.39
"Dawes, NE",31045,1400.86
"Dawson, NE",31047,1019.3
"Deuel, NE",31049,440.79
"Dixon, NE",31051,482.72
"Dodge, NE",31053,543.92
"Douglas, NE",31055,339.6
"Dundy, NE",31057,920.79
"Fillmore, NE",31059,576.62
"Franklin, NE",31061,576.11
"Frontier, NE",31063,980.06
"Furnas, NE",31065,720.51
"Gage, NE",31067,859.94
"Garden, NE",31069,1731
"Garfield, NE",31071,571.34
"Gosper, NE",31073,462.74
"Grant, NE",31075,783.23
"Greeley, NE",31077,570.71
"Hall, NE",31079,552.22
"Hamilton, NE",31081,546.77
"Harlan, NE",31083,574.18
"Hayes, NE",31085,713.33
"Hitchcock, NE",31087,718.57
"Holt, NE",31089,2417.65
"Hooker, NE",31091,721.51
"Howard, NE",31093,575.74
"Jefferson, NE",31095,575.5
"Johnson, NE",31097,376.82
"Kearney, NE",31099,516.13
"Keith, NE",31101,1109.77
"Keya Paha, NE",31103,774.17
"Kimball, NE",31105,952.31
"Knox, NE",31107,1139.65
"Lancaster, NE",31109,846.71
"Lincoln, NE",31111,2575.1
"Logan, NE",31113,571.15
"Loup, NE",31115,571.02
"McPherson, NE",31117,860.02
"Madison, NE",31119,575.05
"Merrick, NE",31121,494.72
"Morrill, NE",31123,1429.81
"Nance, NE",31125,448.04
"Nemaha, NE",31127,411.89
"Nuckolls, NE",31129,575.96
"Otoe, NE",31131,619.09
"Pawnee, NE",31133,432.95
"Perkins, NE",31135,884.27
"Phelps, NE",31137,540.6
"Pierce, NE",31139,575.27
"Platte, NE",31141,689.08
"Polk, NE",31143,440.72
"Red Willow, NE",31145,718.06
"Richardson, NE",31147,555.95
"Rock, NE",31149,1011.85
"Saline, NE",31151,576.06
"Sarpy, NE",31153,247.28
"Saunders, NE",31155,758.82
"Scotts Bluff, NE",31157,745.5
"Seward, NE",31159,575.73
"Sheridan, NE",31161,2469.99
"Sherman, NE",31163,571.63
"Sioux, NE",31165,2067.32
"Stanton, NE",31167,431.06
"Thayer, NE",31169,575.3
"Thomas, NE",31171,713.65
"Thurston, NE",31173,396.25
"Valley, NE",31175,570.51
"Washington, NE",31177,393.76
"Wayne, NE",31179,443.48
"Webster, NE",31181,575.02
"Wheeler, NE",31183,575.57
"York, NE",31185,576.02
NEVADA,32000,110560.71
"Churchill, NV",32001,5023.38
"Clark, NV",32003,8090.66
"Douglas, NV",32005,737.65
"Elko, NV",32007,17202.94
"Esmeralda, NV",32009,3589
"Eureka, NV",32011,4179.96
"Humboldt, NV",32013,9657.87
"Lander, NV",32015,5519.47
"Lincoln, NV",32017,10636.77
"Lyon, NV",32019,2016.4
"Mineral, NV",32021,3812.97
"Nye, NV",32023,18158.73
"Pershing, NV",32027,6067.55
"Storey, NV",32029,263.8
"Washoe, NV",32031,6551.32
"White Pine, NV",32033,8896.6
"Carson City city, NV",32510,155.66
NEW HAMPSHIRE,33000,9349.94
"Belknap, NH",33001,468.55
"Carroll, NH",33003,992.24
"Cheshire, NH",33005,729.15
"Coos, NH",33007,1831.44
"Grafton, NH",33009,1750.08
"Hillsborough, NH",33011,892.2
"Merrimack, NH",33013,956.49
"Rockingham, NH",33015,793.96
"Strafford, NH",33017,383.91
"Sullivan, NH",33019,551.92
NEW JERSEY,34000,8721.3
"Atlantic, NJ",34001,671.45
"Bergen, NJ",34003,246.8
"Burlington, NJ",34005,819.43
"Camden, NJ",34007,227.58
"Cape May, NJ",34009,620.28
"Cumberland, NJ",34011,676.59
"Essex, NJ",34013,129.56
"Gloucester, NJ",34015,336.92
"Hudson, NJ",34017,62.43
"Hunterdon, NJ",34019,437.76
"Mercer, NJ",34021,228.84
"Middlesex, NJ",34023,322.51
"Monmouth, NJ",34025,665.12
"Morris, NJ",34027,481.29
"Ocean, NJ",34029,915.88
"Passaic, NJ",34031,197.05
"Salem, NJ",34033,372.57
"Somerset, NJ",34035,305.05
"Sussex, NJ",34037,535.99
"Union, NJ",34039,105.46
"Warren, NJ",34041,362.75
NEW MEXICO,35000,121589.48
"Bernalillo, NM",35001,1168.65
"Catron, NM",35003,6929.03
"Chaves, NM",35005,6075.07
"Cibola, NM",35006,4541.71
"Colfax, NM",35007,3768.05
"Curry, NM",35009,1407.67
"De Baca, NM",35011,2333.83
"Dona Ana, NM",35013,3814.62
"Eddy, NM",35015,4197.57
"Grant, NM",35017,3967.5
"Guadalupe, NM",35019,3031.58
"Harding, NM",35021,2125.95
"Hidalgo, NM",35023,3445.91
"Lea, NM",35025,4394.02
"Lincoln, NM",35027,4831.25
"Los Alamos, NM",35028,109.35
"Luna, NM",35029,2965.28
"McKinley, NM",35031,5455.22
"Mora, NM",35033,1933.48
"Otero, NM",35035,6627.43
"Quay, NM",35037,2881.8
"Rio Arriba, NM",35039,5896.1
"Roosevelt, NM",35041,2454.87
"Sandoval, NM",35043,3714.32
"San Juan, NM",35045,5538.36
"San Miguel, NM",35047,4735.63
"Santa Fe, NM",35049,1910.79
"Sierra, NM",35051,4236.3
"Socorro, NM",35053,6648.71
"Taos, NM",35055,2204.62
"Torrance, NM",35057,3345.81
"Union, NM",35059,3830.79
"Valencia, NM",35061,1068.21
NEW YORK,36000,54556
"Albany, NY",36001,533.21
"Allegany, NY",36003,1034.42
"Bronx, NY",36005,57.43
"Broome, NY",36007,715.46
"Cattaraugus, NY",36009,1322.25
"Cayuga, NY",36011,863.64
"Chautauqua, NY",36013,1500.02
"Chemung, NY",36015,410.79
"Chenango, NY",36017,898.7
"Clinton, NY",36019,1117.61
"Columbia, NY",36021,648.27
"Cortland, NY",36023,501.52
"Delaware, NY",36025,1468.04
"Dutchess, NY",36027,825.38
"Erie, NY",36029,1226.89
"Essex, NY",36031,1916.5
"Franklin, NY",36033,1697.44
"Fulton, NY",36035,532.9
"Genesee, NY",36037,495.33
"Greene, NY",36039,658.13
"Hamilton, NY",36041,1807.81
"Herkimer, NY",36043,1458.35
"Jefferson, NY",36045,1857.08
"Kings, NY",36047,96.9
"Lewis, NY",36049,1289.89
"Livingston, NY",36051,640.44
"Madison, NY",36053,661.54
"Monroe, NY",36055,1365.61
"Montgomery, NY",36057,410.32
"Nassau, NY",36059,453.08
"New York, NY",36061,33.77
"Niagara, NY",36063,1139.83
"Oneida, NY",36065,1257.11
"Onondaga, NY",36067,805.69
"Ontario, NY",36069,662.43
"Orange, NY",36071,838.55
"Orleans, NY",36073,817.47
"Oswego, NY",36075,1312.18
"Otsego, NY",36077,1015.1
"Putnam, NY",36079,246.25
"Queens, NY",36081,178.28
"Rensselaer, NY",36083,665.39
"Richmond, NY",36085,102.5
"Rockland, NY",36087,199.34
"St. Lawrence, NY",36089,2821.48
"Saratoga, NY",36091,843.71
"Schenectady, NY",36093,209.62
"Schoharie, NY",36095,626.36
"Schuyler, NY",36097,342.22
"Seneca, NY",36099,390.51
"Steuben, NY",36101,1404.1
"Suffolk, NY",36103,2373.07
"Sullivan, NY",36105,996.85
"Tioga, NY",36107,522.91
"Tompkins, NY",36109,491.63
"Ulster, NY",36111,1160.76
"Warren, NY",36113,931.66
"Washington, NY",36115,845.84
"Wayne, NY",36117,1384.14
"Westchester, NY",36119,500.08
"Wyoming, NY",36121,596.44
"Yates, NY",36123,375.76
NORTH CAROLINA,37000,53818.51
"Alamance, NC",37001,434.77
"Alexander, NC",37003,263.14
"Alleghany, NC",37005,235.52
"Anson, NC",37007,537.13
"Ashe, NC",37009,426.78
"Avery, NC",37011,247.21
"Beaufort, NC",37013,958.69
"Bertie, NC",37015,741.22
"Bladen, NC",37017,887.13
"Brunswick, NC",37019,1050.01
"Buncombe, NC",37021,659.8
"Burke, NC",37023,514.89
"Cabarrus, NC",37025,364.98
"Caldwell, NC",37027,474.29
"Camden, NC",37029,305.7
"Carteret, NC",37031,1340.53
"Caswell, NC",37033,428.43
"Catawba, NC",37035,413.51
"Chatham, NC",37037,709.05
"Cherokee, NC",37039,466.68
"Chowan, NC",37041,233.31
"Clay, NC",37043,220.6
"Cleveland, NC",37045,468.6
"Columbus, NC",37047,953.6
"Craven, NC",37049,774.14
"Cumberland, NC",37051,658.46
"Currituck, NC",37053,525.65
"Dare, NC",37055,1561.51
"Davidson, NC",37057,566.77
"Davie, NC",37059,266.89
"Duplin, NC",37061,819.11
"Durham, NC",37063,297.79
"Edgecombe, NC",37065,506.58
"Forsyth, NC",37067,412.92
"Franklin, NC",37069,494.59
"Gaston, NC",37071,363.54
"Gates, NC",37073,345.6
"Graham, NC",37075,301.6
"Granville, NC",37077,536.56
"Greene, NC",37079,265.89
"Guilford, NC",37081,657.7
"Halifax, NC",37083,731.35
"Harnett, NC",37085,601.3
"Haywood, NC",37087,554.62
"Henderson, NC",37089,375.04
"Hertford, NC",37091,360.42
"Hoke, NC",37093,392.34
"Hyde, NC",37095,1424
"Iredell, NC",37097,597.01
"Jackson, NC",37099,494.5
"Johnston, NC",37101,795.79
"Jones, NC",37103,473.32
"Lee, NC",37105,259.33
"Lenoir, NC",37107,402.09
"Lincoln, NC",37109,307.03
"McDowell, NC",37111,446.41
"Macon, NC",37113,519.47
"Madison, NC",37115,451.59
"Martin, NC",37117,461.49
"Mecklenburg, NC",37119,546.22
"Mitchell, NC",37121,222.14
"Montgomery, NC",37123,501.64
"Moore, NC",37125,705.67
"Nash, NC",37127,542.69
"New Hanover, NC",37129,327.92
"Northampton, NC",37131,550.61
"Onslow, NC",37133,908.56
"Orange, NC",37135,401.21
"Pamlico, NC",37137,566.23
"Pasquotank, NC",37139,289.44
"Pender, NC",37141,932.64
"Perquimans, NC",37143,328.93
"Person, NC",37145,404.09
"Pitt, NC",37147,654.77
"Polk, NC",37149,238.6
"Randolph, NC",37151,789.93
"Richmond, NC",37153,479.58
"Robeson, NC",37155,951.03
"Rockingham, NC",37157,572.33
"Rowan, NC",37159,523.86
"Rutherford, NC",37161,565.9
"Sampson, NC",37163,947.45
"Scotland, NC",37165,320.64
"Stanly, NC",37167,404.26
"Stokes, NC",37169,455.89
"Surry, NC",37171,537.79
"Swain, NC",37173,540.64
"Transylvania, NC",37175,380.56
"Tyrrell, NC",37177,600.3
"Union, NC",37179,639.59
"Vance, NC",37181,269.82
"Wake, NC",37183,857.26
"Warren, NC",37185,443.8
"Washington, NC",37187,424.39
"Watauga, NC",37189,312.73
"Wayne, NC",37191,556.69
"Wilkes, NC",37193,759.93
"Wilson, NC",37195,374.26
"Yadkin, NC",37197,337.49
"Yancey, NC",37199,313.11
NORTH DAKOTA,38000,70699.79
"Adams, ND",38001,988.84
"Barnes, ND",38003,1513.23
"Benson, ND",38005,1439.27
"Billings, ND",38007,1153.4
"Bottineau, ND",38009,1697.74
"Bowman, ND",38011,1166.99
"Burke, ND",38013,1129.26
"Burleigh, ND",38015,1668.04
"Cass, ND",38017,1767.91
"Cavalier, ND",38019,1510.14
"Dickey, ND",38021,1141.66
"Divide, ND",38023,1294.18
"Dunn, ND",38025,2082.25
"Eddy, ND",38027,644.23
"Emmons, ND",38029,1554.72
"Foster, ND",38031,646.72
"Golden Valley, ND",38033,1002.36
"Grand Forks, ND",38035,1439.83
"Grant, ND",38037,1665.92
"Griggs, ND",38039,716.17
"Hettinger, ND",38041,1133.7
"Kidder, ND",38043,1433.21
"LaMoure, ND",38045,1150.81
"Logan, ND",38047,1011.07
"McHenry, ND",38049,1911.71
"McIntosh, ND",38051,995.04
"McKenzie, ND",38053,2860.89
"McLean, ND",38055,2328.17
"Mercer, ND",38057,1112.42
"Morton, ND",38059,1945.28
"Mountrail, ND",38061,1941.08
"Nelson, ND",38063,1008.74
"Oliver, ND",38065,731.19
"Pembina, ND",38067,1121.74
"Pierce, ND",38069,1082.16
"Ramsey, ND",38071,1300.88
"Ransom, ND",38073,864.13
"Renville, ND",38075,892.03
"Richland, ND",38077,1445.73
"Rolette, ND",38079,939.33
"Sargent, ND",38081,867.09
"Sheridan, ND",38083,1005.78
"Sioux, ND",38085,1128.3
"Slope, ND",38087,1219.22
"Stark, ND",38089,1340.46
"Steele, ND",38091,715.49
"Stutsman, ND",38093,2298.26
"Towner, ND",38095,1041.56
"Traill, ND",38097,862.53
"Walsh, ND",38099,1294.11
"Ward, ND",38101,2056.25
"Wells, ND",38103,1290.62
"Williams, ND",38105,2147.97
OHIO,39000,44824.9
"Adams, OH",39001,585.79
"Allen, OH",39003,406.88
"Ashland, OH",39005,426.85
"Ashtabula, OH",39007,1368.47
"Athens, OH",39009,508.54
"Auglaize, OH",39011,401.72
"Belmont, OH",39013,541.39
"Brown, OH",39015,495.22
"Butler, OH",39017,470.2
"Carroll, OH",39019,399.01
"Champaign, OH",39021,429.71
"Clark, OH",39023,403.56
"Clermont, OH",39025,457.67
"Clinton, OH",39027,412.29
"Columbiana, OH",39029,535.18
"Coshocton, OH",39031,567.58
"Crawford, OH",39033,402.83
"Cuyahoga, OH",39035,1245.56
"Darke, OH",39037,600.29
"Defiance, OH",39039,414.19
"Delaware, OH",39041,455.97
"Erie, OH",39043,626.15
"Fairfield, OH",39045,508.6
"Fayette, OH",39047,407.08
"Franklin, OH",39049,543.32
"Fulton, OH",39051,407.32
"Gallia, OH",39053,471.13
"Geauga, OH",39055,408.29
"Greene, OH",39057,416.21
"Guernsey, OH",39059,528.29
"Hamilton, OH",39061,412.78
"Hancock, OH",39063,533.6
"Hardin, OH",39065,470.54
"Harrison, OH",39067,410.79
"Henry, OH",39069,419.98
"Highland, OH",39071,557.84
"Hocking, OH",39073,423.6
"Holmes, OH",39075,424.02
"Huron, OH",39077,494.52
"Jackson, OH",39079,421.5
"Jefferson, OH",39081,410.87
"Knox, OH",39083,529.53
"Lake, OH",39085,978.87
"Lawrence, OH",39087,457.28
"Licking, OH",39089,688.38
"Logan, OH",39091,466.78
"Lorain, OH",39093,923.02
"Lucas, OH",39095,595.88
"Madison, OH",39097,466.18
"Mahoning, OH",39099,423.38
"Marion, OH",39101,404.15
"Medina, OH",39103,423.11
"Meigs, OH",39105,432.38
"Mercer, OH",39107,473.29
"Miami, OH",39109,409.22
"Monroe, OH",39111,457.46
"Montgomery, OH",39113,464.34
"Morgan, OH",39115,421.86
"Morrow, OH",39117,407.36
"Muskingum, OH",39119,672.59
"Noble, OH",39121,404.59
"Ottawa, OH",39123,585.12
"Paulding, OH",39125,418.9
"Perry, OH",39127,412.59
"Pickaway, OH",39129,506.79
"Pike, OH",39131,443.94
"Portage, OH",39133,507.11
"Preble, OH",39135,426.33
"Putnam, OH",39137,484.23
"Richland, OH",39139,500.33
"Ross, OH",39141,692.96
"Sandusky, OH",39143,417.77
"Scioto, OH",39145,616.07
"Seneca, OH",39147,552.37
"Shelby, OH",39149,411.03
"Stark, OH",39151,580.91
"Summit, OH",39153,420.06
"Trumbull, OH",39155,634.72
"Tuscarawas, OH",39157,571.48
"Union, OH",39159,436.98
"Van Wert, OH",39161,410.49
"Vinton, OH",39163,414.96
"Warren, OH",39165,407.14
"Washington, OH",39167,640.15
"Wayne, OH",39169,556.31
"Williams, OH",39171,423.05
"Wood, OH",39173,620.54
"Wyandot, OH",39175,407.62
OKLAHOMA,40000,69898.19
"Adair, OK",40001,577.03
"Alfalfa, OK",40003,881.44
"Atoka, OK",40005,990
"Beaver, OK",40007,1817.58
"Beckham, OK",40009,904.14
"Blaine, OK",40011,938.88
"Bryan, OK",40013,943.43
"Caddo, OK",40015,1290.31
"Canadian, OK",40017,905.17
"Carter, OK",40019,833.72
"Cherokee, OK",40021,776.4
"Choctaw, OK",40023,800.68
"Cimarron, OK",40025,1841.17
"Cleveland, OK",40027,558.34
"Coal, OK",40029,521.3
"Comanche, OK",40031,1083.82
"Cotton, OK",40033,641.94
"Craig, OK",40035,762.71
"Creek, OK",40037,969.77
"Custer, OK",40039,1002
"Delaware, OK",40041,792.33
"Dewey, OK",40043,1008.26
"Ellis, OK",40045,1231.84
"Garfield, OK",40047,1059.94
"Garvin, OK",40049,813.66
"Grady, OK",40051,1105.3
"Grant, OK",40053,1003.61
"Greer, OK",40055,643.66
"Harmon, OK",40057,538.56
"Harper, OK",40059,1040.96
"Haskell, OK",40061,625.27
"Hughes, OK",40063,814.64
"Jackson, OK",40065,804.15
"Jefferson, OK",40067,773.83
"Johnston, OK",40069,658.29
"Kay, OK",40071,945.12
"Kingfisher, OK",40073,905.96
"Kiowa, OK",40075,1030.66
"Latimer, OK",40077,729.12
"Le Flore, OK",40079,1608.03
"Lincoln, OK",40081,965.62
"Logan, OK",40083,748.92
"Love, OK",40085,531.94
"McClain, OK",40087,580.13
"McCurtain, OK",40089,1901.32
"McIntosh, OK",40091,712.48
"Major, OK",40093,957.87
"Marshall, OK",40095,426.95
"Mayes, OK",40097,683.51
"Murray, OK",40099,424.92
"Muskogee, OK",40101,838.99
"Noble, OK",40103,742.44
"Nowata, OK",40105,580.87
"Okfuskee, OK",40107,628.91
"Oklahoma, OK",40109,718.31
"Okmulgee, OK",40111,702.32
"Osage, OK",40113,2303.8
"Ottawa, OK",40115,484.73
"Pawnee, OK",40117,594.87
"Payne, OK",40119,697.13
"Pittsburg, OK",40121,1377.85
"Pontotoc, OK",40123,725.45
"Pottawatomie, OK",40125,793.26
"Pushmataha, OK",40127,1422.78
"Roger Mills, OK",40129,1146.46
"Rogers, OK",40131,711.44
"Seminole, OK",40133,640.57
"Sequoyah, OK",40135,714.88
"Stephens, OK",40137,891.12
"Texas, OK",40139,2048.81
"Tillman, OK",40141,879.21
"Tulsa, OK",40143,587.02
"Wagoner, OK",40145,590.99
"Washington, OK",40147,424.15
"Washita, OK",40149,1009.07
"Woods, OK",40151,1290.07
"Woodward, OK",40153,1246.01
OREGON,41000,98380.64
"Baker, OR",41001,3088.43
"Benton, OR",41003,678.97
"Clackamas, OR",41005,1879.01
"Clatsop, OR",41007,1084.75
"Columbia, OR",41009,688.33
"Coos, OR",41011,1806.38
"Crook, OR",41013,2987.41
"Curry, OR",41015,1988.57
"Deschutes, OR",41017,3054.77
"Douglas, OR",41019,5133.83
"Gilliam, OR",41021,1222.84
"Grant, OR",41023,4529.32
"Harney, OR",41025,10226.49
"Hood River, OR",41027,533.56
"Jackson, OR",41029,2801.77
"Jefferson, OR",41031,1791.17
"Josephine, OR",41033,1641.63
"Klamath, OR",41035,6135.75
"Lake, OR",41037,8358.47
"Lane, OR",41039,4721.79
"Lincoln, OR",41041,1193.79
"Linn, OR",41043,2310.15
"Malheur, OR",41045,9929.99
"Marion, OR",41047,1194.13
"Morrow, OR",41049,2048.53
"Multnomah, OR",41051,465.65
"Polk, OR",41053,744.15
"Sherman, OR",41055,831.2
"Tillamook, OR",41057,1332.78
"Umatilla, OR",41059,3231.25
"Union, OR",41061,2038.55
"Wallowa, OR",41063,3151.69
"Wasco, OR",41065,2395.32
"Washington, OR",41067,726.38
"Wheeler, OR",41069,1715.46
"Yamhill, OR",41071,718.36
PENNSYLVANIA,42000,46055.24
"Adams, PA",42001,521.52
"Allegheny, PA",42003,744.71
"Armstrong, PA",42005,664.44
"Beaver, PA",42007,443.9
"Bedford, PA",42009,1017.4
"Berks, PA",42011,865.67
"Blair, PA",42013,527.11
"Bradford, PA",42015,1161.03
"Bucks, PA",42017,622.11
"Butler, PA",42019,794.79
"Cambria, PA",42021,693.43
"Cameron, PA",42023,398.6
"Carbon, PA",42025,387.23
"Centre, PA",42027,1111.85
"Chester, PA",42029,759.81
"Clarion, PA",42031,608.95
"Clearfield, PA",42033,1153.8
"Clinton, PA",42035,898.09
"Columbia, PA",42037,489.79
"Crawford, PA",42039,1037.74
"Cumberland, PA",42041,551.14
"Dauphin, PA",42043,557.53
"Delaware, PA",42045,190.74
"Elk, PA",42047,832.23
"Erie, PA",42049,1558.4
"Fayette, PA",42051,798
"Forest, PA",42053,431.4
"Franklin, PA",42055,772.63
"Fulton, PA",42057,438.03
"Greene, PA",42059,577.95
"Huntingdon, PA",42061,889.03
"Indiana, PA",42063,834.29
"Jefferson, PA",42065,656.87
"Juniata, PA",42067,393.57
"Lackawanna, PA",42069,464.51
"Lancaster, PA",42071,983.81
"Lawrence, PA",42073,362.76
"Lebanon, PA",42075,362.6
"Lehigh, PA",42077,348.34
"Luzerne, PA",42079,907.13
"Lycoming, PA",42081,1243.77
"McKean, PA",42083,984.17
"Mercer, PA",42085,682.57
"Mifflin, PA",42087,414.6
"Monroe, PA",42089,617.42
"Montgomery, PA",42091,487.45
"Montour, PA",42093,132.3
"Northampton, PA",42095,377.36
"Northumberland, PA",42097,477.38
"Perry, PA",42099,555.77
"Philadelphia, PA",42101,142.64
"Pike, PA",42103,566.64
"Potter, PA",42105,1081.42
"Schuylkill, PA",42107,782.61
"Snyder, PA",42109,332.16
"Somerset, PA",42111,1081.17
"Sullivan, PA",42113,452.35
"Susquehanna, PA",42115,832.4
"Tioga, PA",42117,1137.3
"Union, PA",42119,317.12
"Venango, PA",42121,683.02
"Warren, PA",42123,897.81
"Washington, PA",42125,860.95
"Wayne, PA",42127,750.54
"Westmoreland, PA",42129,1036.34
"Wyoming, PA",42131,404.79
"York, PA",42133,910.25
RHODE ISLAND,44000,1545.05
"Bristol, RI",44001,44.71
"Kent, RI",44003,188.1
"Newport, RI",44005,313.64
"Providence, RI",44007,435.82
"Washington, RI",44009,562.77
SOUTH CAROLINA,45000,32020.2
"Abbeville, SC",45001,511.05
"Aiken, SC",45003,1080.46
"Allendale, SC",45005,412.58
"Anderson, SC",45007,757.45
"Bamberg, SC",45009,395.47
"Barnwell, SC",45011,557.25
"Beaufort, SC",45013,922.88
"Berkeley, SC",45015,1228.07
"Calhoun, SC",45017,392.34
"Charleston, SC",45019,1358.11
"Cherokee, SC",45021,397.28
"Chester, SC",45023,586.16
"Chesterfield, SC",45025,805.78
"Clarendon, SC",45027,695.66
"Colleton, SC",45029,1133.21
"Darlington, SC",45031,566.78
"Dillon, SC",45033,406.54
"Dorchester, SC",45035,576.69
"Edgefield, SC",45037,506.54
"Fairfield, SC",45039,709.93
"Florence, SC",45041,803.74
"Georgetown, SC",45043,1035
"Greenville, SC",45045,794.96
"Greenwood, SC",45047,462.94
"Hampton, SC",45049,562.63
"Horry, SC",45051,1254.96
"Jasper, SC",45053,699.79
"Kershaw, SC",45055,740.25
"Lancaster, SC",45057,555.29
"Laurens, SC",45059,723.98
"Lee, SC",45061,411.3
"Lexington, SC",45063,757.88
"McCormick, SC",45065,393.85
"Marion, SC",45067,494.09
"Marlboro, SC",45069,485.28
"Newberry, SC",45071,647.28
"Oconee, SC",45073,673.58
"Orangeburg, SC",45075,1128.09
"Pickens, SC",45077,511.85
"Richland, SC",45079,771.72
"Saluda, SC",45081,461.78
"Spartanburg, SC",45083,819.14
"Sumter, SC",45085,682.03
"Union, SC",45087,515.92
"Williamsburg, SC",45089,936.92
"York, SC",45091,695.72
SOUTH DAKOTA,46000,77116.49
"Aurora, SD",46003,712.53
"Beadle, SD",46005,1264.82
"Bennett, SD",46007,1190.59
"Bon Homme, SD",46009,581.32
"Brookings, SD",46011,804.76
"Brown, SD",46013,1731.21
"Brule, SD",46015,846.49
"Buffalo, SD",46017,487.43
"Butte, SD",46019,2266.36
"Campbell, SD",46021,771.34
"Charles Mix, SD",46023,1150.19
"Clark, SD",46025,967.79
"Clay, SD",46027,416.7
"Codington, SD",46029,717.08
"Corson, SD",46031,2529.42
"Custer, SD",46033,1559.14
"Davison, SD",46035,436.78
"Day, SD",46037,1091.21
"Deuel, SD",46039,636.72
"Dewey, SD",46041,2445.67
"Douglas, SD",46043,434.13
"Edmunds, SD",46045,1151.16
"Fall River, SD",46047,1749.14
"Faulk, SD",46049,1005.69
"Grant, SD",46051,687.91
"Gregory, SD",46053,1053.45
"Haakon, SD",46055,1827.22
"Hamlin, SD",46057,537.96
"Hand, SD",46059,1440.21
"Hanson, SD",46061,435.64
"Harding, SD",46063,2677.58
"Hughes, SD",46065,800.29
"Hutchinson, SD",46067,814.37
"Hyde, SD",46069,866.59
"Jackson, SD",46071,1871.24
"Jerauld, SD",46073,532.63
"Jones, SD",46075,971.66
"Kingsbury, SD",46077,863.67
"Lake, SD",46079,575.06
"Lawrence, SD",46081,800.31
"Lincoln, SD",46083,578.59
"Lyman, SD",46085,1707.06
"McCook, SD",46087,577.16
"McPherson, SD",46089,1151.85
"Marshall, SD",46091,885.63
"Meade, SD",46093,3482.46
"Mellette, SD",46095,1309.75
"Miner, SD",46097,571.99
"Minnehaha, SD",46099,813.69
"Moody, SD",46101,521.1
"Pennington, SD",46103,2784.31
"Perkins, SD",46105,2890.71
"Potter, SD",46107,898.43
"Roberts, SD",46109,1135.35
"Sanborn, SD",46111,570.21
"Shannon, SD",46113,2096.65
"Spink, SD",46115,1510.05
"Stanley, SD",46117,1516.99
"Sully, SD",46119,1070.36
"Todd, SD",46121,1390.9
"Tripp, SD",46123,1617.4
"Turner, SD",46125,617.45
"Union, SD",46127,467.08
"Walworth, SD",46129,744.22
"Yankton, SD",46135,532.62
"Ziebach, SD",46137,1971.05
TENNESSEE,47000,42143.27
"Anderson, TN",47001,344.82
"Bedford, TN",47003,474.83
"Benton, TN",47005,436.2
"Bledsoe, TN",47007,406.71
"Blount, TN",47009,566.65
"Bradley, TN",47011,331.5
"Campbell, TN",47013,498.25
"Cannon, TN",47015,265.71
"Carroll, TN",47017,599.86
"Carter, TN",47019,347.62
"Cheatham, TN",47021,307.13
"Chester, TN",47023,288.74
"Claiborne, TN",47025,441.55
"Clay, TN",47027,259.25
"Cocke, TN",47029,443.15
"Coffee, TN",47031,434.46
"Crockett, TN",47033,265.47
"Cumberland, TN",47035,684.95
"Davidson, TN",47037,526.11
"Decatur, TN",47039,344.91
"DeKalb, TN",47041,328.98
"Dickson, TN",47043,491.28
"Dyer, TN",47045,526.48
"Fayette, TN",47047,706.23
"Fentress, TN",47049,498.97
"Franklin, TN",47051,575.77
"Gibson, TN",47053,603.59
"Giles, TN",47055,611.17
"Grainger, TN",47057,302.44
"Greene, TN",47059,624.11
"Grundy, TN",47061,361.14
"Hamblen, TN",47063,175.77
"Hamilton, TN",47065,575.72
"Hancock, TN",47067,223.5
"Hardeman, TN",47069,670.39
"Hardin, TN",47071,596.31
"Hawkins, TN",47073,499.63
"Haywood, TN",47075,534.15
"Henderson, TN",47077,525.91
"Henry, TN",47079,593.45
"Hickman, TN",47081,612.7
"Houston, TN",47083,206.92
"Humphreys, TN",47085,556.72
"Jackson, TN",47087,319.56
"Jefferson, TN",47089,314.33
"Johnson, TN",47091,302.73
"Knox, TN",47093,525.78
"Lake, TN",47095,193.79
"Lauderdale, TN",47097,507.14
"Lawrence, TN",47099,617.91
"Lewis, TN",47101,282.48
"Lincoln, TN",47103,570.63
"Loudon, TN",47105,247.31
"McMinn, TN",47107,432.22
"McNairy, TN",47109,560.84
"Macon, TN",47111,307.19
"Madison, TN",47113,558.63
"Marion, TN",47115,512.32
"Marshall, TN",47117,376.1
"Maury, TN",47119,615.52
"Meigs, TN",47121,216.78
"Monroe, TN",47123,652.58
"Montgomery, TN",47125,543.84
"Moore, TN",47127,130.38
"Morgan, TN",47129,522.4
"Obion, TN",47131,555.35
"Overton, TN",47133,434.82
"Perry, TN",47135,422.9
"Pickett, TN",47137,174.58
"Polk, TN",47139,442.35
"Putnam, TN",47141,402.56
"Rhea, TN",47143,336.39
"Roane, TN",47145,394.98
"Robertson, TN",47147,476.67
"Rutherford, TN",47149,623.94
"Scott, TN",47151,533.22
"Sequatchie, TN",47153,266.02
"Sevier, TN",47155,597.73
"Shelby, TN",47157,783.63
"Smith, TN",47159,325.35
"Stewart, TN",47161,493.2
"Sullivan, TN",47163,429.69
"Sumner, TN",47165,543.12
"Tipton, TN",47167,474.72
"Trousdale, TN",47169,116.64
"Unicoi, TN",47171,186.49
"Union, TN",47173,247.13
"Van Buren, TN",47175,274.59
"Warren, TN",47177,434.08
"Washington, TN",47179,329.8
"Wayne, TN",47181,735.59
"Weakley, TN",47183,581.81
"White, TN",47185,379.39
"Williamson, TN",47187,583.62
"Wilson, TN",47189,583.2
TEXAS,48000,268580.82
"Anderson, TX",48001,1077.95
"Andrews, TX",48003,1500.99
"Angelina, TX",48005,864.45
"Aransas, TX",48007,527.95
"Archer, TX",48009,925.78
"Armstrong, TX",48011,913.81
"Atascosa, TX",48013,1235.61
"Austin, TX",48015,656.37
"Bailey, TX",48017,827.38
"Bandera, TX",48019,797.54
"Bastrop, TX",48021,895.92
"Baylor, TX",48023,901.01
"Bee, TX",48025,880.31
"Bell, TX",48027,1087.93
"Bexar, TX",48029,1256.66
"Blanco, TX",48031,713.41
"Borden, TX",48033,906.04
"Bosque, TX",48035,1002.63
"Bowie, TX",48037,922.77
"Brazoria, TX",48039,1597.44
"Brazos, TX",48041,590.29
"Brewster, TX",48043,6192.78
"Briscoe, TX",48045,901.59
"Brooks, TX",48047,943.61
"Brown, TX",48049,956.94
"Burleson, TX",48051,677.78
"Burnet, TX",48053,1020.96
"Caldwell, TX",48055,547.41
"Calhoun, TX",48057,1032.16
"Callahan, TX",48059,901.26
"Cameron, TX",48061,1276.33
"Camp, TX",48063,203.2
"Carson, TX",48065,924.1
"Cass, TX",48067,960.35
"Castro, TX",48069,899.32
"Chambers, TX",48071,871.99
"Cherokee, TX",48073,1061.93
"Childress, TX",48075,713.61
"Clay, TX",48077,1116.17
"Cochran, TX",48079,775.31
"Coke, TX",48081,927.97
"Coleman, TX",48083,1281.45
"Collin, TX",48085,885.85
"Collingsworth, TX",48087,919.44
"Colorado, TX",48089,973.59
"Comal, TX",48091,574.59
"Comanche, TX",48093,947.67
"Concho, TX",48095,993.69
"Cooke, TX",48097,898.81
"Coryell, TX",48099,1056.73
"Cottle, TX",48101,901.59
"Crane, TX",48103,785.59
"Crockett, TX",48105,2807.43
"Crosby, TX",48107,901.69
"Culberson, TX",48109,3812.71
"Dallam, TX",48111,1505.26
"Dallas, TX",48113,908.56
"Dawson, TX",48115,902.12
"Deaf Smith, TX",48117,1498.26
"Delta, TX",48119,277.92
"Denton, TX",48121,957.88
"DeWitt, TX",48123,910.47
"Dickens, TX",48125,905.21
"Dimmit, TX",48127,1334.48
"Donley, TX",48129,933.05
"Duval, TX",48131,1795.67
"Eastland, TX",48133,931.9
"Ector, TX",48135,901.68
"Edwards, TX",48137,2119.95
"Ellis, TX",48139,951.66
"El Paso, TX",48141,1014.68
"Erath, TX",48143,1089.8
"Falls, TX",48145,773.81
"Fannin, TX",48147,899.16
"Fayette, TX",48149,959.84
"Fisher, TX",48151,901.74
"Floyd, TX",48153,992.51
"Foard, TX",48155,707.69
"Fort Bend, TX",48157,886.05
"Franklin, TX",48159,294.77
"Freestone, TX",48161,892.13
"Frio, TX",48163,1134.28
"Gaines, TX",48165,1502.84
"Galveston, TX",48167,872.93
"Garza, TX",48169,896.19
"Gillespie, TX",48171,1061.48
"Glasscock, TX",48173,900.93
"Goliad, TX",48175,859.35
"Gonzales, TX",48177,1069.82
"Gray, TX",48179,929.25
"Grayson, TX",48181,979.19
"Gregg, TX",48183,276.37
"Grimes, TX",48185,801.16
"Guadalupe, TX",48187,714.17
"Hale, TX",48189,1004.77
"Hall, TX",48191,904.08
"Hamilton, TX",48193,836.38
"Hansford, TX",48195,920.4
"Hardeman, TX",48197,697
"Hardin, TX",48199,897.37
"Harris, TX",48201,1777.69
"Harrison, TX",48203,915.09
"Hartley, TX",48205,1463.2
"Haskell, TX",48207,910.25
"Hays, TX",48209,679.79
"Hemphill, TX",48211,912.06
"Henderson, TX",48213,949
"Hidalgo, TX",48215,1582.66
"Hill, TX",48217,985.65
"Hockley, TX",48219,908.55
"Hood, TX",48221,436.8
"Hopkins, TX",48223,792.74
"Houston, TX",48225,1236.83
"Howard, TX",48227,904.19
"Hudspeth, TX",48229,4571.93
"Hunt, TX",48231,882.02
"Hutchinson, TX",48233,894.95
"Irion, TX",48235,1051.59
"Jack, TX",48237,920.11
"Jackson, TX",48239,857.03
"Jasper, TX",48241,969.62
"Jeff Davis, TX",48243,2264.6
"Jefferson, TX",48245,1111.26
"Jim Hogg, TX",48247,1136.16
"Jim Wells, TX",48249,868.22
"Johnson, TX",48251,734.46
"Jones, TX",48253,937.13
"Karnes, TX",48255,753.58
"Kaufman, TX",48257,806.81
"Kendall, TX",48259,663.04
"Kenedy, TX",48261,1945.6
"Kent, TX",48263,902.91
"Kerr, TX",48265,1107.66
"Kimble, TX",48267,1250.92
"King, TX",48269,913.33
"Kinney, TX",48271,1365.31
"Kleberg, TX",48273,1090.29
"Knox, TX",48275,855.43
"Lamar, TX",48277,932.47
"Lamb, TX",48279,1017.73
"Lampasas, TX",48281,713.96
"La Salle, TX",48283,1494.23
"Lavaca, TX",48285,970.35
"Lee, TX",48287,634.03
"Leon, TX",48289,1080.38
"Liberty, TX",48291,1176.22
"Limestone, TX",48293,933.15
"Lipscomb, TX",48295,932.22
"Live Oak, TX",48297,1078.83
"Llano, TX",48299,966.18
"Loving, TX",48301,676.85
"Lubbock, TX",48303,900.7
"Lynn, TX",48305,893.46
"McCulloch, TX",48307,1073.35
"McLennan, TX",48309,1060.23
"McMullen, TX",48311,1142.6
"Madison, TX",48313,472.44
"Marion, TX",48315,420.36
"Martin, TX",48317,915.62
"Mason, TX",48319,932.18
"Matagorda, TX",48321,1612.19
"Maverick, TX",48323,1291.74
"Medina, TX",48325,1334.53
"Menard, TX",48327,902.25
"Midland, TX",48329,901.97
"Milam, TX",48331,1021.67
"Mills, TX",48333,749.89
"Mitchell, TX",48335,915.9
"Montague, TX",48337,938.44
"Montgomery, TX",48339,1076.81
"Moore, TX",48341,909.61
"Morris, TX",48343,258.64
"Motley, TX",48345,989.81
"Nacogdoches, TX",48347,981.33
"Navarro, TX",48349,1086.17
"Newton, TX",48351,939.51
"Nolan, TX",48353,913.93
"Nueces, TX",48355,1166.42
"Ochiltree, TX",48357,918.07
"Oldham, TX",48359,1501.42
"Orange, TX",48361,379.54
"Palo Pinto, TX",48363,985.5
"Panola, TX",48365,821.34
"Parker, TX",48367,910.09
"Parmer, TX",48369,885.17
"Pecos, TX",48371,4764.73
"Polk, TX",48373,1109.81
"Potter, TX",48375,921.98
"Presidio, TX",48377,3856.26
"Rains, TX",48379,258.87
"Randall, TX",48381,922.42
"Reagan, TX",48383,1175.98
"Real, TX",48385,700.04
"Red River, TX",48387,1057.61
"Reeves, TX",48389,2641.95
"Refugio, TX",48391,818.64
"Roberts, TX",48393,924.19
"Robertson, TX",48395,865.67
"Rockwall, TX",48397,148.7
"Runnels, TX",48399,1057.13
"Rusk, TX",48401,938.62
"Sabine, TX",48403,576.61
"San Augustine, TX",48405,592.21
"San Jacinto, TX",48407,627.9
"San Patricio, TX",48409,707.06
"San Saba, TX",48411,1138.25
"Schleicher, TX",48413,1310.65
"Scurry, TX",48415,907.53
"Shackelford, TX",48417,915.54
"Shelby, TX",48419,834.53
"Sherman, TX",48421,923.2
"Smith, TX",48423,949.45
"Somervell, TX",48425,191.9
"Starr, TX",48427,1229.28
"Stephens, TX",48429,921.48
"Sterling, TX",48431,923.49
"Stonewall, TX",48433,920.23
"Sutton, TX",48435,1454.4
"Swisher, TX",48437,900.68
"Tarrant, TX",48439,897.48
"Taylor, TX",48441,919.25
"Terrell, TX",48443,2357.75
"Terry, TX",48445,890.93
"Throckmorton, TX",48447,915.47
"Titus, TX",48449,425.69
"Tom Green, TX",48451,1540.54
"Travis, TX",48453,1022.08
"Trinity, TX",48455,714
"Tyler, TX",48457,935.71
"Upshur, TX",48459,592.67
"Upton, TX",48461,1241.83
"Uvalde, TX",48463,1558.6
"Val Verde, TX",48465,3232.4
"Van Zandt, TX",48467,859.48
"Victoria, TX",48469,888.73
"Walker, TX",48471,801.44
"Waller, TX",48473,518.49
"Ward, TX",48475,835.74
"Washington, TX",48477,621.35
"Webb, TX",48479,3375.53
"Wharton, TX",48481,1094.43
"Wheeler, TX",48483,915.34
"Wichita, TX",48485,633.01
"Wilbarger, TX",48487,978.1
"Willacy, TX",48489,784.23
"Williamson, TX",48491,1134.74
"Wilson, TX",48493,808.57
"Winkler, TX",48495,841.24
"Wise, TX",48497,922.77
"Wood, TX",48499,695.8
"Yoakum, TX",48501,799.76
"Young, TX",48503,930.84
"Zapata, TX",48505,1058.1
"Zavala, TX",48507,1301.72
UTAH,49000,84898.83
"Beaver, UT",49001,2592.28
"Box Elder, UT",49003,6729.03
"Cache, UT",49005,1173.07
"Carbon, UT",49007,1484.57
"Daggett, UT",49009,723.06
"Davis, UT",49011,633.7
"Duchesne, UT",49013,3255.97
"Emery, UT",49015,4461.54
"Garfield, UT",49017,5208.2
"Grand, UT",49019,3694.08
"Iron, UT",49021,3301.84
"Juab, UT",49023,3406.28
"Kane, UT",49025,4108.42
"Millard, UT",49027,6828.01
"Morgan, UT",49029,610.79
"Piute, UT",49031,765.76
"Rich, UT",49033,1086.29
"Salt Lake, UT",49035,807.78
"San Juan, UT",49037,7933.09
"Sanpete, UT",49039,1602.66
"Sevier, UT",49041,1918.28
"Summit, UT",49043,1882.05
"Tooele, UT",49045,7287.12
"Uintah, UT",49047,4498.98
"Utah, UT",49049,2140.98
"Wasatch, UT",49051,1209.17
"Washington, UT",49053,2429.91
"Wayne, UT",49055,2466.47
"Weber, UT",49057,659.46
VERMONT,50000,9614.26
"Addison, VT",50001,808.3
"Bennington, VT",50003,677.67
"Caledonia, VT",50005,657.52
"Chittenden, VT",50007,619.64
"Essex, VT",50009,673.75
"Franklin, VT",50011,692.02
"Grand Isle, VT",50013,194.67
"Lamoille, VT",50015,463.75
"Orange, VT",50017,691.74
"Orleans, VT",50019,721.14
"Rutland, VT",50021,944.77
"Washington, VT",50023,695.43
"Windham, VT",50025,798.12
"Windsor, VT",50027,975.74
VIRGINIA,51000,42774.2
"Accomack, VA",51001,1310.05
"Albemarle, VA",51003,726.18
"Alleghany, VA",51005,445.67
"Amelia, VA",51007,358.54
"Amherst, VA",51009,478.78
"Appomattox, VA",51011,334.73
"Arlington, VA",51013,25.96
"Augusta, VA",51015,970.93
"Bath, VA",51017,534.56
"Bedford, VA",51019,769.25
"Bland, VA",51021,358.73
"Botetourt, VA",51023,545.94
"Brunswick, VA",51025,569.37
"Buchanan, VA",51027,503.88
"Buckingham, VA",51029,583.56
"Campbell, VA",51031,507.26
"Caroline, VA",51033,538.89
"Carroll, VA",51035,477.64
"Charles City, VA",51036,204.22
"Charlotte, VA",51037,477.44
"Chesterfield, VA",51041,436.99
"Clarke, VA",51043,178.19
"Craig, VA",51045,330.61
"Culpeper, VA",51047,382.28
"Cumberland, VA",51049,299.73
"Dickenson, VA",51051,333.63
"Dinwiddie, VA",51053,506.98
"Essex, VA",51057,285.91
"Fairfax, VA",51059,406.61
"Fauquier, VA",51061,651.42
"Floyd, VA",51063,381.23
"Fluvanna, VA",51065,290.21
"Franklin, VA",51067,711.56
"Frederick, VA",51069,415.62
"Giles, VA",51071,360.4
"Gloucester, VA",51073,288
"Goochland, VA",51075,289.99
"Grayson, VA",51077,445.9
"Greene, VA",51079,156.96
"Greensville, VA",51081,296.81
"Halifax, VA",51083,829.56
"Hanover, VA",51085,474.08
"Henrico, VA",51087,244.6
"Henry, VA",51089,384.39
"Highland, VA",51091,415.86
"Isle of Wight, VA",51093,362.76
"James City, VA",51095,179.71
"King and Queen, VA",51097,326.33
"King George, VA",51099,187.79
"King William, VA",51101,285.65
"Lancaster, VA",51103,231.35
"Lee, VA",51105,437.32
"Loudoun, VA",51107,521.1
"Louisa, VA",51109,510.79
"Lunenburg, VA",51111,432.38
"Madison, VA",51113,321.78
"Mathews, VA",51115,251.96
"Mecklenburg, VA",51117,679.29
"Middlesex, VA",51119,210.75
"Montgomery, VA",51121,389.43
"Nelson, VA",51125,474.31
"New Kent, VA",51127,223.48
"Northampton, VA",51131,795.34
"Northumberland, VA",51133,285.67
"Nottoway, VA",51135,316.1
"Orange, VA",51137,343.41
"Page, VA",51139,314.09
"Patrick, VA",51141,485.87
"Pittsylvania, VA",51143,978.18
"Powhatan, VA",51145,262.4
"Prince Edward, VA",51147,353.85
"Prince George, VA",51149,281.85
"Prince William, VA",51153,348.36
"Pulaski, VA",51155,329.59
"Rappahannock, VA",51157,266.83
"Richmond, VA",51159,216.38
"Roanoke, VA",51161,251.04
"Rockbridge, VA",51163,600.98
"Rockingham, VA",51165,853.29
"Russell, VA",51167,476.77
"Scott, VA",51169,538.63
"Shenandoah, VA",51171,512.53
"Smyth, VA",51173,452.31
"Southampton, VA",51175,602.35
"Spotsylvania, VA",51177,412.27
"Stafford, VA",51179,279.95
"Surry, VA",51181,310.31
"Sussex, VA",51183,492.83
"Tazewell, VA",51185,519.89
"Warren, VA",51187,216.32
"Washington, VA",51191,565.98
"Westmoreland, VA",51193,252.64
"Wise, VA",51195,405.22
"Wythe, VA",51197,464.62
"York, VA",51199,215.52
"Alexandria, VA",51510,15.41
"Bedford, VA",51515,6.9
"Bristol, VA",51520,13.16
"Buena Vista, VA",51530,6.83
"Charlottesville, VA",51540,10.26
"Chesapeake, VA",51550,350.9
"Clifton Forge, VA",51560,3.1
"Colonial Heights, VA",51570,7.79
"Covington, VA",51580,5.67
"Danville, VA",51590,43.94
"Emporia, VA",51595,6.97
"Fairfax, VA",51600,6.31
"Falls Church, VA",51610,1.99
"Franklin, VA",51620,8.4
"Fredericksburg, VA",51630,10.52
"Galax, VA",51640,8.23
"Hampton, VA",51650,136.23
"Harrisonburg, VA",51660,17.59
"Hopewell, VA",51670,10.82
"Lexington, VA",51678,2.49
"Lynchburg, VA",51680,49.76
"Manassas, VA",51683,9.96
"Manassas Park, VA",51685,2.49
"Martinsville, VA",51690,11.01
"Newport News, VA",51700,119.05
"Norfolk, VA",51710,96.3
"Norton, VA",51720,7.53
"Petersburg, VA",51730,23.19
"Poquoson, VA",51735,78.43
"Portsmouth, VA",51740,46.62
"Radford, VA",51750,10.19
"Richmond, VA",51760,62.55
"Roanoke, VA",51770,42.91
"Salem, VA",51775,14.59
"South Boston, VA",51780,0
"Staunton, VA",51790,19.71
"Suffolk, VA",51800,429.07
"Virginia Beach, VA",51810,497.33
"Waynesboro, VA",51820,15.38
"Williamsburg, VA",51830,8.67
"Winchester, VA",51840,9.33
WASHINGTON,53000,71299.64
"Adams, WA",53001,1929.69
"Asotin, WA",53003,640.69
"Benton, WA",53005,1760.12
"Chelan, WA",53007,2993.62
"Clallam, WA",53009,2670.34
"Clark, WA",53011,656.22
"Columbia, WA",53013,873.53
"Cowlitz, WA",53015,1166.33
"Douglas, WA",53017,1848.69
"Ferry, WA",53019,2257.46
"Franklin, WA",53021,1265.35
"Garfield, WA",53023,718.19
"Grant, WA",53025,2791.29
"Grays Harbor, WA",53027,2224.44
"Island, WA",53029,517.39
"Jefferson, WA",53031,2183.52
"King, WA",53033,2306.53
"Kitsap, WA",53035,565.98
"Kittitas, WA",53037,2333.11
"Klickitat, WA",53039,1904.18
"Lewis, WA",53041,2436.26
"Lincoln, WA",53043,2339.71
"Mason, WA",53045,1051.03
"Okanogan, WA",53047,5315.16
"Pacific, WA",53049,1223.5
"Pend Oreille, WA",53051,1425.32
"Pierce, WA",53053,1806.5
"San Juan, WA",53055,621.07
"Skagit, WA",53057,1920.47
"Skamania, WA",53059,1683.86
"Snohomish, WA",53061,2196.41
"Spokane, WA",53063,1780.72
"Stevens, WA",53065,2540.64
"Thurston, WA",53067,773.64
"Wahkiakum, WA",53069,286.69
"Walla Walla, WA",53071,1299.25
"Whatcom, WA",53073,2503.55
"Whitman, WA",53075,2177.6
"Yakima, WA",53077,4311.61
WEST VIRGINIA,54000,24229.76
"Barbour, WV",54001,342.75
"Berkeley, WV",54003,321.58
"Boone, WV",54005,503.18
"Braxton, WV",54007,516.17
"Brooke, WV",54009,92.26
"Cabell, WV",54011,288.02
"Calhoun, WV",54013,280.64
"Clay, WV",54015,343.82
"Doddridge, WV",54017,320.48
"Fayette, WV",54019,668.36
"Gilmer, WV",54021,340.07
"Grant, WV",54023,480.19
"Greenbrier, WV",54025,1024.43
"Hampshire, WV",54027,644.62
"Hancock, WV",54029,88.35
"Hardy, WV",54031,584.48
"Harrison, WV",54033,416.6
"Jackson, WV",54035,471.59
"Jefferson, WV",54037,211.57
"Kanawha, WV",54039,910.99
"Lewis, WV",54041,389.75
"Lincoln, WV",54043,438.59
"Logan, WV",54045,455.61
"McDowell, WV",54047,534.9
"Marion, WV",54049,311.49
"Marshall, WV",54051,312.18
"Mason, WV",54053,444.8
"Mercer, WV",54055,420.69
"Mineral, WV",54057,329.13
"Mingo, WV",54059,423.64
"Monongalia, WV",54061,365.89
"Monroe, WV",54063,473.66
"Morgan, WV",54065,229.67
"Nicholas, WV",54067,654.4
"Ohio, WV",54069,108.86
"Pendleton, WV",54071,698.15
"Pleasants, WV",54073,134.59
"Pocahontas, WV",54075,941.85
"Preston, WV",54077,651.39
"Putnam, WV",54079,350.4
"Raleigh, WV",54081,609.34
"Randolph, WV",54083,1039.92
"Ritchie, WV",54085,453.58
"Roane, WV",54087,483.75
"Summers, WV",54089,367.72
"Taylor, WV",54091,175.69
"Tucker, WV",54093,421.11
"Tyler, WV",54095,260.69
"Upshur, WV",54097,354.86
"Wayne, WV",54099,512.19
"Webster, WV",54101,556.15
"Wetzel, WV",54103,361.37
"Wirt, WV",54105,234.83
"Wood, WV",54107,376.94
"Wyoming, WV",54109,501.82
WISCONSIN,55000,65497.82
"Adams, WI",55001,688.51
"Ashland, WI",55003,2293.73
"Barron, WI",55005,890.02
"Bayfield, WI",55007,2041.53
"Brown, WI",55009,615.42
"Buffalo, WI",55011,709.58
"Burnett, WI",55013,880.38
"Calumet, WI",55015,397.03
"Chippewa, WI",55017,1041.32
"Clark, WI",55019,1219.08
"Columbia, WI",55021,795.7
"Crawford, WI",55023,599.22
"Dane, WI",55025,1238.32
"Dodge, WI",55027,906.99
"Door, WI",55029,2369.83
"Douglas, WI",55031,1479.91
"Dunn, WI",55033,863.91
"Eau Claire, WI",55035,645.28
"Florence, WI",55037,497.46
"Fond du Lac, WI",55039,765.8
"Forest, WI",55041,1046.4
"Grant, WI",55043,1183.31
"Green, WI",55045,584.56
"Green Lake, WI",55047,380.44
"Iowa, WI",55049,768.08
"Iron, WI",55051,919.24
"Jackson, WI",55053,1000.11
"Jefferson, WI",55055,582.75
"Juneau, WI",55057,804.13
"Kenosha, WI",55059,754.31
"Kewaunee, WI",55061,1084.52
"La Crosse, WI",55063,479.92
"Lafayette, WI",55065,634.56
"Langlade, WI",55067,887.88
"Lincoln, WI",55069,907.05
"Manitowoc, WI",55071,1493.87
"Marathon, WI",55073,1576.14
"Marinette, WI",55075,1550.07
"Marquette, WI",55077,464.42
"Menominee, WI",55078,364.99
"Milwaukee, WI",55079,1189.7
"Monroe, WI",55081,908.29
"Oconto, WI",55083,1149.04
"Oneida, WI",55085,1235.88
"Outagamie, WI",55087,644.4
"Ozaukee, WI",55089,1116.2
"Pepin, WI",55091,248.68
"Pierce, WI",55093,591.59
"Polk, WI",55095,956.28
"Portage, WI",55097,822.76
"Price, WI",55099,1278.43
"Racine, WI",55101,791.9
"Richland, WI",55103,589.38
"Rock, WI",55105,726.2
"Rusk, WI",55107,930.89
"St. Croix, WI",55109,735.81
"Sauk, WI",55111,848.43
"Sawyer, WI",55113,1350.32
"Shawano, WI",55115,909.33
"Sheboygan, WI",55117,1270.97
"Taylor, WI",55119,984.49
"Trempealeau, WI",55121,741.98
"Vernon, WI",55123,816.41
"Vilas, WI",55125,1017.85
"Walworth, WI",55127,576.5
"Washburn, WI",55129,853.06
"Washington, WI",55131,435.89
"Waukesha, WI",55133,580.48
"Waupaca, WI",55135,765.33
"Waushara, WI",55137,637.39
"Winnebago, WI",55139,578.7
"Wood, WI",55141,809.46
WYOMING,56000,97813.56
"Albany, WY",56001,4308.79
"Big Horn, WY",56003,3158.96
"Campbell, WY",56005,4801.56
"Carbon, WY",56007,7964.03
"Converse, WY",56009,4265.1
"Crook, WY",56011,2870.52
"Fremont, WY",56013,9265.8
"Goshen, WY",56015,2232.16
"Hot Springs, WY",56017,2006.21
"Johnson, WY",56019,4174.71
"Laramie, WY",56021,2687.63
"Lincoln, WY",56023,4089.01
"Natrona, WY",56025,5375.72
"Niobrara, WY",56027,2627.9
"Park, WY",56029,6968.51
"Platte, WY",56031,2110.9
"Sheridan, WY",56033,2527.07
"Sublette, WY",56035,4935.66
"Sweetwater, WY",56037,10491.17
"Teton, WY",56039,4221.8
"Uinta, WY",56041,2087.56
"Washakie, WY",56043,2242.75
"Weston, WY",56045,2400.07